id,code,name,address,prefecture,tel,corporation,director,established,bed_type_and_count,facility_type,col12,col13,col14,col15,col16,col17,col18,col19,col20,col21,col22,col23,col24,col25,col26,col27

1.0,01 / 盛歯48,3048.0,5.0,鈴木歯科クリニック,〒020－0021,盛岡市中央通三丁目７番１号　政経ビル２Ｆ,019-651-0151 / 新規 / 令5. 12. 21,鈴木　英夫,鈴木　英夫 / 現存,昭47. 12. 21,歯,診療所,,,,,,,,,,,,,,

2.0,01 / 盛歯101,3101.0,2.0,黒江歯科医院,〒020－0886,盛岡市若園町１０番２号,019-624-6624 / 新規 / 令5. 1. 14,黒江　俊,黒江　俊 / 現存,昭53. 1. 14,歯,診療所,,,,,,,,,,,,,,

3.0,01 / 盛歯104,3104.0,6.0,中野歯科クリニック,〒020－0816,盛岡市中野一丁目１７番１号,019-653-1821 / 新規 / 令5. 9. 1,佐々木　隆博,佐々木　隆博 / 現存,昭53. 8. 28,歯　矯歯　小歯,診療所,,,,,,,,,,,,,,

4.0,01 / 盛歯122,3122.0,8.0,大館歯科クリニック,〒020－0147,盛岡市大館町２６番５０号,019-646-6825 / 新規 / 令6. 11. 11,岡村　賢治,岡村　賢治 / 現存,昭54. 11. 11,歯　小歯　歯外,診療所,,,,,,,,,,,,,,

5.0,01 / 盛歯125,3125.0,1.0,野手歯科医院,〒020－0122,盛岡市みたけ六丁目１番１１号,019-641-0086 / 新規 / 令3. 12. 15,野手　清,野手　清 / 現存,昭54. 12. 15,歯　小歯,診療所,,,,,,,,,,,,,,

6.0,01 / 盛歯128,3128.0,5.0,外川歯科医院,〒020－0004,盛岡市山岸一丁目２番４６号,019-653-6480 / 新規 / 令4. 7. 14,外川　正,外川　正 / 現存,昭55. 7. 14,歯,診療所,,,,,,,,,,,,,,

7.0,01 / 盛歯140,3140.0,0.0,千葉歯科,〒020－0033,盛岡市盛岡駅前北通２番２５号,019-653-3321 / 新規 / 令5. 9. 1,千葉　美知子,千葉　美知子 / 現存,昭56. 4. 10,歯　小歯　矯歯,診療所,,,,,,,,,,,,,,

8.0,01 / 盛歯142,3142.0,6.0,うしぶくろ歯科医院,〒020－0131,盛岡市中堤町１３番４３号,019-647-8668 / 新規 / 令5. 9. 1,牛袋　徳道,牛袋　徳道 / 現存,昭56. 6. 10,歯　矯歯　小歯,診療所,,,,,,,,,,,,,,

9.0,01 / 盛歯148,3148.0,3.0,橋浦歯科診療所,〒020－0103,盛岡市西松園一丁目３番８号,019-662-8151 / 新規 / 令6. 4. 1,橋浦　礼二郎,橋浦　礼二郎 / 現存,昭57. 4. 1,歯　小歯,診療所,,,,,,,,,,,,,,

10.0,01 / 盛歯160,3160.0,8.0,黒石野歯科医院,〒020－0111,盛岡市黒石野二丁目１３番４４号,019-662-5678 / 新規 / 令4. 7. 5,武田　秀雄,武田　秀雄 / 現存,昭58. 7. 5,歯,診療所,,,,,,,,,,,,,,

11.0,01 / 盛歯162,3162.0,4.0,柴田歯科医院,〒020－0878,盛岡市肴町５番５号,019-651-6710 / 移動 / 令4. 8. 2,柴田　理,柴田　理 / 現存,昭58. 8. 2,歯,診療所,,,,,,,,,,,,,,

12.0,01 / 盛歯163,3163.0,2.0,茶畑歯科医院,〒020－0822,盛岡市茶畑一丁目８番１８号,019-653-2545 / 新規 / 令4. 9. 22,大林　勢津子,大林　勢津子 / 現存,昭58. 9. 22,歯,診療所,,,,,,,,,,,,,,

13.0,01 / 盛歯166,3166.0,5.0,国労会館歯科,〒020－0033,盛岡市盛岡駅前北通４番４号国労会館２階,019-653-5228 / 新規 / 令5. 2. 1,千葉　啓二,千葉　啓二 / 現存,昭59. 2. 1,歯,診療所,,,,,,,,,,,,,,

14.0,01 / 盛歯168,3168.0,1.0,前東歯科医院,〒020－0025,盛岡市大沢川原三丁目６番６号,019-623-4400 / 新規 / 令5. 9. 1,前東　正次,前東　正次 / 現存,昭59. 6. 18,歯　矯歯　小歯,診療所,,,,,,,,,,,,,,

15.0,01 / 盛歯172,3172.0,3.0,前川歯科クリニック,〒020－0042,盛岡市新田町９番１５号,019-653-3200 / 新規 / 令6. 4. 1,前川　秀憲,前川　秀憲 / 現存,昭60. 4. 1,歯,診療所,,,,,,,,,,,,,,

16.0,01 / 盛歯174,3174.0,9.0,小松デンタルオフィス,〒020－0016,盛岡市名須川町１７番６号,019-653-6491 / 新規 / 令4. 4. 7,小松　世潮,小松　世潮 / 現存,昭61. 4. 7,歯　歯外,診療所,,,,,,,,,,,,,,

17.0,01 / 盛歯180,3180.0,6.0,攝待歯科医院,〒020－0106,盛岡市東松園三丁目２８番１号,019-663-0110 / 新規 / 令6. 4. 11,攝待　成宏,攝待　成宏 / 現存,昭63. 4. 11,歯　矯歯　小歯,診療所,,,,,,,,,,,,,,

18.0,01 / 盛歯186,3186.0,3.0,小笠原歯科医院,〒020－0875,盛岡市清水町６番２８号,019-623-7227 / 新規 / 令4. 8. 1,小笠原　宰記,小笠原　宰記 / 現存,平元. 8. 1,歯,診療所,,,,,,,,,,,,,,

19.0,01 / 盛歯189,3189.0,7.0,黒田歯科クリニック,〒020－0066,盛岡市上田一丁目５番３８号,019-625-8889 / 新規 / 令4. 10. 2,黒田　康之,黒田　康之 / 現存,平元. 10. 2,歯,診療所,,,,,,,,,,,,,,

20.0,01 / 盛歯198,3198.0,8.0,中村歯科医院,〒020－0861,盛岡市仙北二丁目１０番７号,019-635-3777 / 新規 / 令6. 3. 1,中村　裕子,中村　裕子 / 現存,平3. 3. 1,歯　小歯　歯外　矯歯,診療所,,,,,,,,,,,,,,

21.0,01 / 盛歯200,3200.0,2.0,いとう歯科医院,〒020－0813,盛岡市東山一丁目１９番２１号,019-626-5252 / 新規 / 令6. 4. 12,伊藤　学,伊藤　学 / 現存,平3. 4. 12,歯　小歯,診療所,,,,,,,,,,,,,,

22.0,01 / 盛歯201,3201.0,0.0,寺島歯科医院,〒020－0807,盛岡市加賀野一丁目２番６１号,019-626-5800 / 新規 / 令6. 4. 6,寺島　博,寺島　博 / 現存,平3. 4. 6,歯,診療所,,,,,,,,,,,,,,

23.0,01 / 盛歯207,3207.0,7.0,米内歯科医院,〒020－0831,盛岡市三本柳１１地割１２番地２,019-637-2035 / 新規 / 令5. 9. 1,米内　正,米内　正 / 現存,昭53. 5. 1,歯　歯外,診療所,,,,,,,,,,,,,,

24.0,01 / 盛歯208,3208.0,5.0,近藤歯科クリニック,〒020－0834,盛岡市永井２２地割４２番地２,019-638-8299 / 新規 / 令6. 5. 9,近藤　聖二,近藤　聖二 / 現存,昭54. 5. 9,歯,診療所,,,,,,,,,,,,,,

25.0,01 / 盛歯217,3217.0,6.0,西郷歯科医院,〒020－0833,盛岡市西見前１４地割８３番地,019-638-7711 / 新規 / 令5. 11. 24,西郷　慶悦,西郷　慶悦 / 現存,昭62. 11. 24,歯　小歯,診療所,,,,,,,,,,,,,,

26.0,01 / 盛歯218,3218.0,4.0,盛岡ツイン歯科クリニック,〒020－0836,盛岡市津志田西一丁目１番３１号,019-638-3800 / 新規 / 令5. 11. 12,鈴木　伸,鈴木　伸 / 現存,昭62. 11. 12,歯　矯歯　歯外,診療所,,,,,,,,,,,,,,

27.0,01 / 盛歯220,3220.0,0.0,小田中歯科医院,〒020－0843,盛岡市湯沢西三丁目４番１号,019-637-7774 / 新規 / 令6. 4. 12,小田中　健策,小田中　健策 / 現存,平3. 4. 12,歯　歯外　矯歯,診療所,,,,,,,,,,,,,,

28.0,01 / 盛歯221,3221.0,8.0,ささき歯科医院,〒020－0831,盛岡市三本柳第３地割１２番地７,019-637-8211 / 新規 / 令6. 8. 20,佐々木　憲明,佐々木　憲明 / 現存,平3. 8. 20,歯,診療所,,,,,,,,,,,,,,

29.0,01 / 盛歯222,3222.0,6.0,まゆみ歯科・小児歯科医院,〒020－0881,盛岡市天神町１０番３号,019-651-6480 / 新規 / 令4. 4. 2,高橋　真弓,高橋　真弓 / 現存,平4. 4. 2,歯　矯歯　小歯,診療所,,,,,,,,,,,,,,

30.0,01 / 盛歯224,3224.0,2.0,小山田歯科クリニック,〒020－0134,盛岡市南青山町３番１号,019-643-4618 / 新規 / 令4. 4. 13,小山田　勇樹,小山田　勇樹 / 現存,平4. 4. 13,歯,診療所,,,,,,,,,,,,,,

31.0,01 / 盛歯226,3226.0,7.0,はしば歯科医院,〒020－0004,盛岡市山岸四丁目１０番３１号,019-662-7171 / 新規 / 令4. 5. 13,橋場　友幹,橋場　友幹 / 現存,平4. 5. 13,歯　歯外,診療所,,,,,,,,,,,,,,

32.0,01 / 盛歯235,3235.0,8.0,横藤歯科医院,〒020－0883,盛岡市志家町１番２号,019-653-5577 / 新規 / 令5. 9. 1,横藤　英夫,横藤　英夫 / 現存,平5. 4. 1,歯　小歯　矯歯,診療所,,,,,,,,,,,,,,

33.0,01 / 盛歯238,3238.0,2.0,トシ歯科医院,〒020－0122,盛岡市みたけ三丁目２７番１５号,019-641-7152 / 組織変更 / 令5. 9. 1,医療法人トシ歯科医院　理事長　佐々木　俊彦,佐々木　俊彦 / 現存,平5. 8. 2,歯　小歯,診療所,,,,,,,,,,,,,,

34.0,01 / 盛歯239,3239.0,0.0,松嶋歯科医院,〒020－0866,盛岡市本宮一丁目９番８号,019-634-0488 / 組織変更 / 令5. 9. 1,医療法人拓心会　理事長　松嶋　正造,松嶋　正造 / 現存,平5. 9. 1,歯　歯外　小歯　矯歯,診療所,,,,,,,,,,,,,,

35.0,01 / 盛歯241,3241.0,6.0,松舘歯科医院,〒020－0051,盛岡市下太田沢田６８番２号,019-659-2566 / 組織変更 / 令5. 12. 1,医療法人邦陽会　理事長　松舘　邦彦,松舘　邦彦 / 現存,平5. 12. 1,歯　矯歯　小歯　歯外,診療所,,,,,,,,,,,,,,

36.0,01 / 盛歯244,3244.0,0.0,佐藤たもつ歯科医院,〒020－0866,盛岡市本宮一丁目２４番３号,019-636-0418 / 組織変更 / 令6. 1. 1,医療法人佐藤たもつ歯科医院　理事長　佐藤　保,佐藤　保 / 現存,平6. 1. 1,歯　小歯,診療所,,,,,,,,,,,,,,

37.0,01 / 盛歯248,3248.0,1.0,壱番舘歯科クリニック,〒020－0834,盛岡市永井２２地割３番地１１８ＳＡＷＡＸ壱番舘１階,019-637-4618 / 新規 / 令6. 4. 2,澤井　泰董,澤井　泰董 / 現存,平6. 4. 2,歯　矯歯　小歯,診療所,,,,,,,,,,,,,,

38.0,01 / 盛歯249,3249.0,9.0,仙北坂歯科クリニック,〒020－0866,盛岡市本宮二丁目１１番１６号,019-635-1641 / 新規 / 令6. 5. 9,菊地　博,菊地　博 / 現存,平6. 5. 9,歯　小歯,診療所,,,,,,,,,,,,,,

39.0,01 / 盛歯251,3251.0,5.0,高山歯科医院,〒020－0822,盛岡市茶畑一丁目１番６号グリーンビレッジ盛岡Ｃ棟２０１号,019-651-8241 / 新規 / 令6. 8. 29,高山　透,高山　透 / 現存,平6. 8. 29,歯　矯歯　小歯,診療所,,,,,,,,,,,,,,

40.0,01 / 盛歯253,3253.0,1.0,前川歯科医院,〒020－0132,盛岡市西青山一丁目１６番１７号,019-647-1411 / 新規 / 令6. 8. 20,前川　洋,前川　洋 / 現存,平6. 8. 20,歯　小歯,診療所,,,,,,,,,,,,,,

41.0,01 / 盛歯255,3255.0,6.0,医療法人広仁会　城西歯科クリニック,〒020－0044,盛岡市城西町７番３５号,019-624-0531 / 組織変更 / 令6. 9. 1,医療法人広仁会　理事長　箱崎　渡,箱崎　渡 / 現存,平6. 9. 1,歯,診療所,,,,,,,,,,,,,,

42.0,01 / 盛歯257,3257.0,2.0,三善歯科医院,〒020－0132,盛岡市西青山二丁目１８番４号,019-647-7666 / 新規 / 令6. 10. 3,三善　潤,三善　潤 / 現存,平6. 10. 3,歯,診療所,,,,,,,,,,,,,,

43.0,01 / 盛歯262,3262.0,2.0,ながはま歯科医院,〒020－0062,盛岡市長田町２１番４３号,019-653-8911 / 新規 / 令4. 4. 18,長濱　博道,長濱　博道 / 現存,平7. 4. 18,歯,診療所,,,,,,,,,,,,,,

44.0,01 / 盛歯263,3263.0,0.0,宮田歯科医院,〒020－0114,盛岡市高松二丁目２６番２７号,019-663-4848 / 新規 / 令4. 5. 29,宮田　右京,宮田　右京 / 現存,平7. 5. 29,歯,診療所,,,,,,,,,,,,,,

45.0,01 / 盛歯267,3267.0,1.0,遠藤歯科クリニック,〒020－0025,盛岡市大沢川原三丁目６番３１号ライオンズマンション開運橋２１１号,019-629-1188 / 新規 / 令4. 8. 10,遠藤　哲彦,遠藤　哲彦 / 現存,平7. 8. 10,歯,診療所,,,,,,,,,,,,,,

46.0,01 / 盛歯270,3270.0,5.0,サンタウン歯科クリニック,〒020－0105,盛岡市北松園二丁目１４番２号,019-661-1888 / 新規 / 令4. 10. 20,鈴木　洋之介,鈴木　洋之介 / 現存,平7. 10. 20,歯　小歯,診療所,,,,,,,,,,,,,,

47.0,01 / 盛歯271,3271.0,3.0,はぎわら歯科クリニック,〒020－0042,盛岡市新田町１０番７号,019-626-3363 / 新規 / 令4. 12. 21,萩原　伸治,萩原　伸治 / 現存,平7. 12. 21,歯　矯歯　小歯,診療所,,,,,,,,,,,,,,

48.0,01 / 盛歯272,3272.0,1.0,小笠原歯科クリニック,〒020－0866,盛岡市本宮三丁目３２番５号,0196-35-3500 / 組織変更 / 令5. 2. 1,医療法人大樹会　理事長　小笠原　洋人,小笠原　洋人 / 現存,平8. 2. 1,歯　矯歯　小歯,診療所,,,,,,,,,,,,,,

49.0,01 / 盛歯274,3274.0,7.0,和田歯科医院,〒020－0884,盛岡市神明町２番５号,019-652-5011 / 新規 / 令5. 3. 15,和田　武彦,和田　武彦 / 現存,平8. 3. 15,歯　矯歯　小歯,診療所,,,,,,,,,,,,,,

50.0,01 / 盛歯276,3276.0,2.0,白石歯科クリニック,〒020－0853,盛岡市下飯岡１１地割１２６番地１,019-638-0666 / 新規 / 令5. 9. 1,白石　秀幸,白石　秀幸 / 現存,平8. 5. 24,歯　矯歯　小歯,診療所,,,,,,,,,,,,,,

51.0,01 / 盛歯277,3277.0,0.0,ふじさわ歯科クリニック,〒020－0122,盛岡市みたけ四丁目２４番３５号,019-646-0877 / 新規 / 令5. 9. 1,藤澤　,藤澤　 / 現存,平8. 7. 27,歯,診療所,,,,,,,,,,,,,,

52.0,01 / 盛歯278,3278.0,8.0,くろだ歯科医院,〒020－0011,盛岡市三ツ割五丁目７番５号,019-663-6601 / 新規 / 令5. 9. 1,黒田　直寿,黒田　直寿 / 現存,平8. 8. 10,歯　小歯,診療所,,,,,,,,,,,,,,

53.0,01 / 盛歯284,3284.0,6.0,横矢歯科医院,〒020－0874,盛岡市南大通二丁目４番１７号,019-626-9200 / 新規 / 令6. 4. 21,横矢　斉史,横矢　斉史 / 現存,平9. 4. 21,歯,診療所,,,,,,,,,,,,,,

54.0,01 / 盛歯285,3285.0,3.0,宮崎歯科医院,〒020－0822,盛岡市茶畑二丁目７番２３号,019-626-1876 / 新規 / 令6. 5. 20,宮崎　宣政,宮崎　宣政 / 現存,平9. 5. 20,歯　小歯,診療所,,,,,,,,,,,,,,

55.0,01 / 盛歯286,3286.0,1.0,田中歯科医院,〒020－0125,盛岡市上堂一丁目１６番２７号,019-645-2821 / 組織変更 / 令6. 6. 1,医療法人尽誠会　理事長　田中　健一,田中　崇一 / 現存,平9. 6. 1,歯,診療所,,,,,,,,,,,,,,

56.0,01 / 盛歯288,3288.0,7.0,佐藤博歯科医院,〒020－0066,盛岡市上田一丁目７番１１号,019-621-7011 / 新規 / 令6. 10. 13,佐藤　博,佐藤　博 / 現存,平9. 10. 13,歯,診療所,,,,,,,,,,,,,,

57.0,01 / 盛歯289,3289.0,5.0,さとう歯科クリニック,〒020－0834,盛岡市永井２０地割１番地９１,019-637-7373 / 組織変更 / 令3. 12. 1,医療法人　大志会　理事長　佐藤　昭人,佐藤　昭人 / 現存,平9. 12. 1,歯　矯歯　小歯　歯外,診療所,,,,,,,,,,,,,,

58.0,01 / 盛歯291,3291.0,1.0,見前歯科クリニック,〒020－0833,盛岡市西見前１５地割４番地４,019-637-8803 / 新規 / 令4. 4. 1,相澤　譲,相澤　譲 / 現存,平10. 4. 1,歯　小歯,診療所,,,,,,,,,,,,,,

59.0,01 / 盛歯293,3293.0,7.0,松田歯科医院,〒020－0871,盛岡市中ノ橋通一丁目７番１号　３階,019-624-8848 / 新規 / 令4. 5. 15,松田　葉,松田　葉 / 現存,平10. 5. 15,歯　矯歯　小歯,診療所,,,,,,,,,,,,,,

60.0,01 / 盛歯303,3303.0,4.0,小川歯科医院,〒020－0402,盛岡市黒川９地割２０番地８,019-696-2227 / 組織変更 / 令4. 12. 1,医療法人小川歯科医院　理事長　小川　邦明,小川　恵子 / 現存,平10. 12. 1,歯　矯歯　小歯　歯外,診療所,,,,,,,,,,,,,,

61.0,01 / 盛歯305,3305.0,9.0,細川歯科医院,〒020－0011,盛岡市三ツ割二丁目１番１２号,019-665-0118 / 新規 / 令5. 9. 1,細川　貢,細川　貢 / 現存,平11. 4. 30,歯　矯歯　小歯,診療所,,,,,,,,,,,,,,

62.0,01 / 盛歯306,3306.0,7.0,たかはし歯科医院,〒020－0121,盛岡市月が丘一丁目２７番４５号エンジェルビルⅢ１－Ｂ,019-643-8880 / 新規 / 令5. 9. 1,高橋　賢司,高橋　賢司 / 現存,平11. 4. 8,歯　小歯,診療所,,,,,,,,,,,,,,

63.0,01 / 盛歯308,3308.0,3.0,太田歯科医院,〒020－0053,盛岡市上太田金財１番地３,019-658-0039 / 新規 / 令5. 9. 1,村上　克利,村上　克利 / 現存,平11. 6. 26,歯　小歯　歯外,診療所,,,,,,,,,,,,,,

64.0,01 / 盛歯312,3312.0,5.0,やすの矯正歯科クリニック,〒020－0034,盛岡市盛岡駅前通１４番９号平戸屋ビル２階,019-622-3877 / 新規 / 令5. 9. 1,安野　松王,安野　松王 / 現存,平11. 7. 1,矯歯,診療所,,,,,,,,,,,,,,

65.0,01 / 盛歯314,3314.0,1.0,西郷歯科医院,〒020－0114,盛岡市高松一丁目１３番１５号,019-661-8110 / 新規 / 令5. 9. 1,西郷　史郎,西郷　史郎 / 現存,平11. 9. 1,歯　小歯　歯外,診療所,,,,,,,,,,,,,,

66.0,01 / 盛歯315,3315.0,8.0,小野歯科医院,〒020－0121,盛岡市月が丘三丁目３２番６号,019-641-6480 / 新規 / 令5. 11. 1,小野　博之,小野　博之 / 現存,平11. 11. 1,歯　小歯,診療所,,,,,,,,,,,,,,

67.0,01 / 盛歯316,3316.0,6.0,上ノ橋歯科クリニック,〒020－0887,盛岡市上ノ橋町１番４５号,019-622-4348 / 移動 / 令5. 11. 1,両川　卓司,両川　卓司 / 現存,平11. 11. 1,歯　小歯,診療所,,,,,,,,,,,,,,

68.0,01 / 盛歯317,3317.0,4.0,のむら歯科医院,〒020－0401,盛岡市手代森１４地割１６番地２９,019-675-1188 / 新規 / 令6. 3. 15,野村　照彦,野村　照彦 / 現存,平12. 3. 15,歯,診療所,,,,,,,,,,,,,,

69.0,01 / 盛歯318,3318.0,2.0,加賀野歯科クリニック,〒020－0807,盛岡市加賀野三丁目１番１１号,019-651-8974 / 移動 / 令6. 5. 13,佐藤　寿久,佐藤　寿久 / 現存,平12. 5. 13,歯　小歯,診療所,,,,,,,,,,,,,,

70.0,01 / 盛歯319,3319.0,0.0,ふじむら歯科医院,〒020－0878,盛岡市肴町３番３０号パークハイツ中津川１０２号室,019-625-2418 / 移動 / 令6. 6. 1,藤村　三良,藤村　三良 / 現存,平12. 6. 1,歯　矯歯　小歯,診療所,,,,,,,,,,,,,,

71.0,01 / 盛歯322,3322.0,4.0,小泉歯科医院,〒020－0861,盛岡市仙北三丁目１５番２６号,019-635-2292 / 新規 / 令6. 9. 1,小泉　光子,小泉　光子 / 現存,平12. 9. 1,歯,診療所,,,,,,,,,,,,,,

72.0,01 / 盛歯323,3323.0,2.0,しまざき歯科医院,〒020－0807,盛岡市加賀野四丁目１５番３０号,019-656-8388 / 移動 / 令6. 10. 1,医療法人吉陽会　理事長　島﨑　操一,島﨑　操一 / 現存,平12. 10. 1,歯　歯外　小歯,診療所,,,,,,,,,,,,,,

73.0,01 / 盛歯324,3324.0,0.0,赤坂歯科医院,〒020－0872,盛岡市八幡町１番１１号,019-622-5098 / 交代 / 令7. 2. 1,赤坂　栄里子,赤坂　栄里子 / 現存,平13. 2. 1,歯,診療所,,,,,,,,,,,,,,

74.0,01 / 盛歯330,3330.0,7.0,りょうわ歯科,〒020－0063,盛岡市材木町６番２号,019-653-3636 / 移動 / 令元. 8. 1,吉田　裕則,吉田　裕則 / 現存,平13. 8. 1,歯　矯歯　小歯,診療所,,,,,,,,,,,,,,

75.0,01 / 盛歯331,3331.0,5.0,さいとう歯科医院,〒020－0124,盛岡市厨川一丁目５番１号,019-641-3558 / 交代 / 令元. 12. 15,齋藤　雅人,齋藤　雅人 / 現存,平13. 12. 15,歯　矯歯　小歯,診療所,,,,,,,,,,,,,,

76.0,01 / 盛歯333,3333.0,1.0,おとべ歯科クリニック,〒020－0403,盛岡市乙部４地割１５番地２,019-696-3001 / 新規 / 令2. 2. 22,斗ケ澤　宜裕,斗ケ澤　宜裕 / 現存,平14. 2. 22,歯　小歯,診療所,,,,,,,,,,,,,,

77.0,01 / 盛歯334,3334.0,9.0,白倉歯科医院,〒020－0861,盛岡市仙北三丁目１４番５７号,019-656-5218 / 新規 / 令2. 4. 1,白倉　義之,白倉　義之 / 現存,平14. 4. 1,歯,診療所,,,,,,,,,,,,,,

78.0,01 / 盛歯335,3335.0,6.0,遠藤歯科医院,〒020－0143,盛岡市上厨川字横長根７６番地３,019-648-2010 / 新規 / 令2. 4. 1,遠藤　忠治,遠藤　忠治 / 現存,平14. 4. 1,歯　小歯,診療所,,,,,,,,,,,,,,

79.0,01 / 盛歯336,3336.0,4.0,小鳥沢歯科クリニック,〒020－0104,盛岡市小鳥沢一丁目３４番１７号,019-664-1600 / 新規 / 令2. 4. 30,鈴木　俊一,鈴木　俊一 / 現存,平14. 4. 30,歯　小歯,診療所,,,,,,,,,,,,,,

80.0,01 / 盛歯338,3338.0,0.0,三條矯正歯科,〒020－0015,盛岡市本町通二丁目４番３２号,019-654-3775 / 移動 / 令2. 6. 17,医療法人　恵慈会　理事長　三條　勲,三條　勲 / 現存,平14. 6. 17,矯歯,診療所,,,,,,,,,,,,,,

81.0,01 / 盛歯339,3339.0,8.0,小林歯科医院,〒020－0024,盛岡市菜園二丁目７番３３号東カンジェネラス菜園公園通り２階,019-654-1088 / 移動 / 令2. 9. 1,小林　琢三,小林　琢三 / 現存,平14. 9. 1,歯,診療所,,,,,,,,,,,,,,

82.0,01 / 盛歯340,3340.0,6.0,寛歯科クリニック,〒020－0023,盛岡市内丸１７番３８号杜陵ビル２階,019-654-3316 / 組織変更 / 令2. 9. 1,医療法人　寛歯科クリニック　理事長　高橋　寛,高橋　寛 / 現存,平14. 9. 1,歯,診療所,,,,,,,,,,,,,,

83.0,01 / 盛歯343,3343.0,0.0,駅西通り　おばら歯科医院,〒020－0045,盛岡市盛岡駅西通一丁目５番３号,019-652-2928 / 新規 / 令2. 12. 3,小原　賢一,小原　賢一 / 現存,平14. 12. 3,歯　小歯,診療所,,,,,,,,,,,,,,

84.0,01 / 盛歯344,3344.0,8.0,みやのデンタルオフィス,〒020－0141,盛岡市中屋敷町７番１７号,019-643-5773 / 移動 / 令3. 1. 1,宮野　敦志,宮野　敦志 / 現存,平15. 1. 1,歯　矯歯　小歯　歯外,診療所,,,,,,,,,,,,,,

85.0,01 / 盛歯345,3345.0,5.0,向井田歯科医院,〒020－0064,盛岡市梨木町１１番１号,019-606-8181 / 新規 / 令3. 2. 5,向井田　克,向井田　克 / 現存,平15. 2. 5,歯　歯外,診療所,,,,,,,,,,,,,,

86.0,01 / 盛歯346,3346.0,3.0,関歯科・口腔医療クリニック,〒020－0021,盛岡市中央通三丁目１４番２９号,新規 / 令3. 5. 8,関　克典,関　克典 / 現存,平15. 5. 8,歯　小歯　歯外,診療所,,,,,,,,,,,,,,

87.0,01 / 盛歯347,3347.0,1.0,どいじり歯科医院,〒020－0866,盛岡市本宮五丁目９番１７号,019-631-1151 / 新規 / 令3. 6. 3,土井尻　康浩,土井尻　康浩 / 現存,平15. 6. 3,歯　小歯　歯外,診療所,,,,,,,,,,,,,,

88.0,01 / 盛歯349,3349.0,7.0,だいこく歯科医院,〒020－0861,盛岡市仙北三丁目１１番４号,019-635-8141 / 組織変更 / 令3. 8. 1,医療法人だいこく歯科医院　理事長　大黒　英貴,大黒　英貴 / 現存,平15. 8. 1,歯　小歯,診療所,,,,,,,,,,,,,,

89.0,01 / 盛歯350,3350.0,5.0,なごみ矯正・デンタルクリニック,〒020－0148,盛岡市前潟四丁目７番１号イオンモール盛岡１階,019-645-7530 / 新規 / 令3. 8. 7,小笠原　和志,小笠原　和志 / 現存,平15. 8. 7,矯歯　歯　小歯,診療所,,,,,,,,,,,,,,

90.0,01 / 盛歯351,3351.0,3.0,くろさわ歯科医院,〒020－0015,盛岡市本町通二丁目３番１１号,019-621-1181 / 新規 / 令3. 10. 2,黒澤　正雄,黒澤　正雄 / 現存,平15. 10. 2,歯,診療所,,,,,,,,,,,,,,

91.0,01 / 盛歯352,3352.0,1.0,瀬川歯科医院,〒020－0883,盛岡市志家町９番１２号,019-622-3508 / 移動 / 令3. 10. 23,瀬川　敦義,瀬川　敦義 / 現存,平15. 10. 23,歯　歯外,診療所,,,,,,,,,,,,,,

92.0,01 / 盛歯355,3355.0,4.0,あおば歯科小児歯科クリニック,〒020－0127,盛岡市前九年三丁目１９番４６号,019-648-0222 / 移動 / 令3. 12. 24,佐藤　輝子,野坂　久美子 / 現存,平15. 12. 24,歯　小歯,診療所,,,,,,,,,,,,,,

93.0,01 / 盛歯357,3357.0,0.0,なかさと歯科医院,〒020－0117,盛岡市緑が丘三丁目２番４４号,019-664-1781 / 新規 / 令4. 4. 12,中里　滋樹,中里　滋樹 / 現存,平16. 4. 12,歯　歯外,診療所,,,,,,,,,,,,,,

94.0,01 / 盛歯358,3358.0,8.0,金子歯科医院,〒020－0878,盛岡市肴町４番２５号,019-622-2842 / 交代 / 令4. 5. 1,金子　良司,金子　良司 / 現存,平16. 5. 1,歯　小歯,診療所,,,,,,,,,,,,,,

95.0,01 / 盛歯359,3359.0,6.0,くどう歯科クリニック,〒020－0146,盛岡市長橋町１６番２０号,019-648-7171 / 新規 / 令4. 6. 7,工藤　淳一,工藤　淳一 / 現存,平16. 6. 7,歯　小歯,診療所,,,,,,,,,,,,,,

96.0,01 / 盛歯360,3360.0,4.0,はし歯科こども歯科,〒020－0122,盛岡市みたけ二丁目２１番３８号,019-648-0035 / 新規 / 令4. 7. 12,波紫　修一,波紫　修一 / 現存,平16. 7. 12,歯　矯歯　小歯,診療所,,,,,,,,,,,,,,

97.0,01 / 盛歯361,3361.0,2.0,かみはら歯科医院,〒020－0871,盛岡市中ノ橋通一丁目８番２１号,019-654-4181 / 新規 / 令4. 8. 20,医療法人　かみはら　理事長　上原　豊,上原　豊 / 現存,平16. 8. 20,歯　小歯,診療所,,,,,,,,,,,,,,

98.0,01 / 盛歯362,3362.0,0.0,くまがい歯科クリニック,〒020－0837,盛岡市津志田町二丁目１番７０号さくらビル１Ｆ,019-632-1188 / 移動 / 令4. 12. 7,熊谷　哲也,熊谷　哲也 / 現存,平16. 12. 7,歯　矯歯　小歯,診療所,,,,,,,,,,,,,,

99.0,01 / 盛歯363,3363.0,8.0,新津歯科クリニック,〒020－0884,盛岡市神明町１０番３８号,019-623-4611 / 新規 / 令5. 1. 5,新津　二郎,新津　二郎 / 現存,平17. 1. 5,歯　小歯　歯外,診療所,,,,,,,,,,,,,,

100.0,01 / 盛歯366,3366.0,1.0,かまた歯科クリニック,〒020－0004,盛岡市山岸二丁目１６番１２号,019-626-1777 / 移動 / 令5. 9. 1,船越　俊二,船越　俊二 / 現存,平17. 6. 15,歯,診療所,,,,,,,,,,,,,,

101.0,01 / 盛歯370,3370.0,3.0,高橋衛歯科医院,〒020－0136,盛岡市北天昌寺町７番１０号,019-645-6969 / 組織変更 / 令5. 9. 1,医療法人高橋衛歯科医院　理事長　高橋　衛,金　俊介 / 現存,平17. 8. 1,歯　矯歯　小歯　歯外,診療所,,,,,,,,,,,,,,

102.0,01 / 盛歯373,3373.0,7.0,さくらだい外川歯科医院,〒020－0001,盛岡市上米内字道ノ下３８番地９,019-663-6487 / 新規 / 令5. 11. 21,外川　正洋,外川　正洋 / 現存,平17. 11. 21,歯　小歯　歯外,診療所,,,,,,,,,,,,,,

103.0,01 / 盛歯374,3374.0,5.0,かめだ歯科医院,〒020－0866,盛岡市本宮三丁目４６番３１号,019-634-0777 / 新規 / 令5. 12. 14,亀田　幸宏,亀田　幸宏 / 現存,平17. 12. 14,歯　小歯,診療所,,,,,,,,,,,,,,

104.0,01 / 盛歯381,3381.0,0.0,高橋歯科医院,〒020－0022,盛岡市大通一丁目２番１号岩手県産業会館別館２階,019-651-0202 / 組織変更 / 令6. 3. 1,医療法人高橋歯科医院　理事長　高橋　秀典,高橋　秀典 / 現存,平18. 3. 1,歯　矯歯,診療所,,,,,,,,,,,,,,

105.0,01 / 盛歯383,3383.0,6.0,渋民歯科クリニック,〒028－4132,盛岡市渋民字泉田２００番地,019-683-1800 / 移動 / 令6. 8. 16,千葉　晃揮,千葉　晃揮 / 現存,平18. 8. 16,歯　矯歯　歯外,診療所,,,,,,,,,,,,,,

106.0,01 / 盛歯384,3384.0,4.0,ヒデ・デンタルクリニック,〒020－0866,盛岡市本宮七丁目１番１号,019-631-1418 / 新規 / 令6. 9. 12,佐々木　秀之,佐々木　秀之 / 現存,平18. 9. 12,歯　矯歯　歯外,診療所,,,,,,,,,,,,,,

107.0,01 / 盛歯386,3386.0,9.0,さとう歯科医院,〒020－0111,盛岡市黒石野一丁目１０番３号,019-661-8241 / 新規 / 令7. 1. 7,佐藤　紀世彦,佐藤　紀世彦 / 現存,平19. 1. 7,歯　小歯　歯外,診療所,,,,,,,,,,,,,,

108.0,01 / 盛歯387,3387.0,7.0,岩渕歯科医院,〒020－0881,盛岡市天神町９番１５号,019-654-1017 / 移動 / 令7. 1. 24,医療法人紀耶会　理事長　豊田　康夫,豊田　康夫 / 現存,平19. 1. 24,歯　矯歯　小歯,診療所,,,,,,,,,,,,,,

109.0,01 / 盛歯391,3391.0,9.0,中ノ橋歯科クリニック,〒020－0871,盛岡市中ノ橋通一丁目１１番２０号,019-653-5233 / 移動 / 令7. 5. 1,川上　喜義,川上　喜義 / 現存,平19. 5. 1,歯　矯歯　小歯　歯外,診療所,,,,,,,,,,,,,,

110.0,01 / 盛歯392,3392.0,7.0,岡村歯科医院,〒020－0022,盛岡市大通二丁目６番１４号,019-625-8241 / 移動 / 令7. 5. 1,医療法人岡村歯科医院　理事長　馬場　一希,馬場　一希 / 現存,平19. 5. 1,歯　矯歯　小歯　歯外,診療所,,,,,,,,,,,,,,

111.0,01 / 盛歯395,3395.0,0.0,ひであき歯科,〒020－0878,盛岡市肴町３番１８号ラオ・エム・コート１階,019-656-1632 / 新規 / 令2. 3. 21,齊藤　英朗,齊藤　英朗 / 現存,平20. 3. 21,歯　小歯　歯外,診療所,,,,,,,,,,,,,,

112.0,01 / 盛歯396,3396.0,8.0,かど歯科クリニック,〒020－0823,盛岡市門一丁目１９番１７号,019-604-2260 / 新規 / 令2. 5. 1,米持　武美,米持　武美 / 現存,平20. 5. 1,歯　歯外　小歯,診療所,,,,,,,,,,,,,,

113.0,01 / 盛歯397,3397.0,6.0,内丸歯科クリニック,〒020－0023,盛岡市内丸１７番３０号トーカンジェネラス内丸１Ｆ,019-656-0900 / 新規 / 令2. 5. 1,高橋　康平,高橋　康平 / 現存,平20. 5. 1,歯　歯外,診療所,,,,,,,,,,,,,,

114.0,01 / 盛歯399,3399.0,2.0,ふじの歯科医院,〒020－0117,盛岡市緑が丘三丁目２１番２３号,019-663-6414 / 移動 / 令2. 5. 8,藤野　修,藤野　修 / 現存,平20. 5. 8,歯　小歯,診療所,,,,,,,,,,,,,,

115.0,01 / 盛歯400,3400.0,8.0,ねそり歯科,〒020－0122,盛岡市みたけ三丁目１８番６号,019-656-9394 / 新規 / 令2. 9. 2,根反　不二生,根反　不二生 / 現存,平20. 9. 2,歯　小歯　歯外,診療所,,,,,,,,,,,,,,

116.0,01 / 盛歯402,3402.0,4.0,歯の松本,〒020－0824,盛岡市東安庭一丁目２３番６２号,019-625-5772 / 新規 / 令2. 11. 18,松本　弘紀,松本　弘紀 / 現存,平20. 11. 18,歯　小歯,診療所,,,,,,,,,,,,,,

117.0,01 / 盛歯403,3403.0,2.0,コバヤシデンタルクリニック,〒020－0021,盛岡市中央通二丁目１０番１５号,019-604-8848 / 組織変更 / 令3. 4. 1,医療法人銀杏会　理事長　小林　高,小林　太郎 / 現存,平21. 4. 1,歯　小歯　矯歯　歯外,診療所,,,,,,,,,,,,,,

118.0,01 / 盛歯404,3404.0,0.0,内田歯科クリニック,〒020－0022,盛岡市大通３丁目７番２０号,019-622-0888 / 交代 / 令3. 4. 1,内田　良夫,内田　良夫 / 現存,平21. 4. 1,歯　矯歯　小歯,診療所,,,,,,,,,,,,,,

119.0,01 / 盛歯405,3405.0,7.0,ノリ・デンタルクリニック,〒020－0857,盛岡市北飯岡一丁目２番７１号,019-656-5686 / 新規 / 令3. 6. 1,池田　典一,池田　典一 / 現存,平21. 6. 1,歯,診療所,,,,,,,,,,,,,,

120.0,01 / 盛歯406,3406.0,5.0,みきデンタルクリニック,〒020－0021,盛岡市中央通一丁目１１番１６号,019-622-4238 / 組織変更 / 令3. 9. 1,医療法人ＩＩＣ　理事長　西尾　俊彦,西尾　美紀 / 現存,平21. 9. 1,歯,診療所,,,,,,,,,,,,,,

121.0,01 / 盛歯407,3407.0,3.0,きむら歯科医院,〒020－0117,盛岡市緑が丘三丁目１２番３号,019-662-9252 / 新規 / 令3. 9. 5,木村　正,木村　正 / 現存,平21. 9. 5,歯　小歯,診療所,,,,,,,,,,,,,,

122.0,01 / 盛歯413,3413.0,1.0,横沢歯科医院,〒020－0021,盛岡市中央通二丁目８番２１号,019-652-1157 / 移動 / 令5. 4. 25,横澤　昭平,横澤　昭平 / 現存,平23. 4. 25,歯　小歯　歯外,診療所,,,,,,,,,,,,,,

123.0,01 / 盛歯416,3416.0,4.0,島津歯科医院,〒020－0032,盛岡市夕顔瀬町７番１４号,019-651-1531 / 交代 / 令5. 9. 16,中里　登紀子,中里　登紀子 / 現存,平23. 9. 16,歯　小歯,診療所,,,,,,,,,,,,,,

124.0,01 / 盛歯418,3418.0,0.0,本宮歯科,〒020－0866,盛岡市本宮四丁目２番１０号,019-635-2464 / 新規 / 令6. 2. 1,小野寺　政雄,小野寺　政雄 / 現存,平24. 2. 1,歯,診療所,,,,,,,,,,,,,,

125.0,01 / 盛歯420,3420.0,6.0,清水町デンタルクリニック,〒020－0875,盛岡市清水町４番３０号,019-604-7418 / 新規 / 令6. 4. 17,医療法人仁慈　理事長　近藤　駿,近藤　聡 / 現存,平24. 4. 17,歯　矯歯　小歯　歯外,診療所,,,,,,,,,,,,,,

126.0,01 / 盛歯421,3421.0,4.0,佐藤誠歯科医院,〒020－0132,盛岡市西青山二丁目１９番３１号,019-645-3330 / 組織変更 / 令6. 8. 1,医療法人白翆会　理事長　佐藤　剛,佐藤　誠 / 現存,平24. 8. 1,歯　小歯　矯歯　歯外,診療所,,,,,,,,,,,,,,

127.0,01 / 盛歯422,3422.0,2.0,まつしま歯科医院,〒028－4132,盛岡市渋民字駅２５番地６,019-683-3535 / 組織変更 / 令6. 9. 1,松嶋　拓,松嶋　拓 / 現存,平24. 9. 1,歯　小歯,診療所,,,,,,,,,,,,,,

128.0,01 / 盛歯423,3423.0,0.0,大久保歯科医院,〒020－0871,盛岡市中ノ橋通二丁目１０番９号,019-681-8214 / 新規 / 令6. 11. 21,大久保　卓也,大久保　卓也 / 現存,平24. 11. 21,歯　小歯,診療所,,,,,,,,,,,,,,

129.0,01 / 盛歯425,3425.0,5.0,医療法人　いけだ歯科口腔外科,〒020－0874,盛岡市南大通２－１０－２７,019-604-7061 / 組織変更 / 令元. 11. 1,医療法人　いけだ歯科口腔外科　理事長　池田　徹,池田　徹 / 現存,平25. 11. 1,歯　小歯　歯外,診療所,,,,,,,,,,,,,,

130.0,01 / 盛歯426,3426.0,3.0,まさデンタルクリニック,〒020－0834,盛岡市永井１２地割１１７番地１,019-637-8881 / 交代 / 令2. 4. 1,高橋　雅洋,高橋　雅洋 / 現存,平26. 4. 1,歯　小歯,診療所,,,,,,,,,,,,,,

131.0,01 / 盛歯427,3427.0,1.0,北天昌寺歯科医院,〒020－0136,盛岡市北天昌寺町５－５１,019-613-7346 / 新規 / 令2. 5. 12,齊藤　章人,齊藤　章人 / 現存,平26. 5. 12,歯　矯歯　小歯　歯外,診療所,,,,,,,,,,,,,,

132.0,01 / 盛歯428,3428.0,9.0,ポラーノ矯正歯科,〒020－0063,盛岡市材木町６番２６号,019-654-8040 / 新規 / 令2. 9. 1,八木　實,八木　實 / 現存,平26. 9. 1,矯歯,診療所,,,,,,,,,,,,,,

133.0,01 / 盛歯429,3429.0,7.0,みちえ・やなぎさわ歯科,〒020－0866,盛岡市本宮字石仏２２－１６,019-659-1500 / 交代 / 令2. 8. 15,鈴木　美智恵,鈴木　美智恵 / 現存,平26. 8. 15,歯,診療所,,,,,,,,,,,,,,

134.0,01 / 盛歯430,3430.0,5.0,岡田歯科医院,〒020－0871,盛岡市中ノ橋通２丁目２－２２,019-629-2526 / 交代 / 令2. 12. 2,中野　裕香子,中野　裕香子 / 現存,平26. 12. 2,歯　小歯,診療所,,,,,,,,,,,,,,

135.0,01 / 盛歯431,3431.0,3.0,愛歯科診療所,〒020－0851,盛岡市向中野１－１０－３１,019-681-9888 / 組織変更 / 令3. 3. 1,医療法人　ア歯会　理事長　照井　純,照井　純 / 現存,平27. 3. 1,歯　小歯　矯歯,診療所,,,,,,,,,,,,,,

136.0,01 / 盛歯432,3432.0,1.0,ざいもくちょう歯科,〒020－0063,盛岡市材木町９－１,019-653-2264 / 交代 / 令3. 4. 1,中谷　寛之,中谷　寛之 / 現存,平27. 4. 1,歯　歯外　小歯,診療所,,,,,,,,,,,,,,

137.0,01 / 盛歯434,3434.0,7.0,赤ちゃんこども歯科,〒020－0066,盛岡市上田二丁目９番２１号,019-654-5545 / 交代 / 令3. 8. 1,川越　素行,川越　素行 / 現存,平27. 8. 1,小歯　矯歯　歯外　歯,診療所,,,,,,,,,,,,,,

138.0,01 / 盛歯435,3435.0,4.0,みどりが丘歯科クリニック,〒020－0117,盛岡市緑が丘三丁目４番３６号,019-663-5313 / 交代 / 令3. 9. 27,菊地　由紀子,菊地　由紀子 / 現存,平27. 9. 27,歯,診療所,,,,,,,,,,,,,,

139.0,01 / 盛歯436,3436.0,2.0,きたがわ歯科クリニック,〒020－0062,盛岡市長田町１番５号オルカ１０２,019-656-7555 / 新規 / 令3. 11. 2,北川　直子,北川　直子 / 現存,平27. 11. 2,歯　小歯　歯外　矯歯,診療所,,,,,,,,,,,,,,

140.0,01 / 盛歯437,3437.0,0.0,ゆう歯科医院,〒020－0834,盛岡市永井１７地割７９番地２,019-681-6045 / 新規 / 令4. 4. 15,佐藤　裕,佐藤　裕 / 現存,平28. 4. 15,歯　矯歯　小歯,診療所,,,,,,,,,,,,,,

141.0,01 / 盛歯438,3438.0,8.0,松本陽子デンタルクリニック,〒020－0866,盛岡市本宮二丁目４３番１１号,019-656-4618 / 組織変更 / 令4. 3. 1,医療法人　ＳＡＬＴＯ　理事長　卞（松本）　陽子,卞　陽子 / 現存,平28. 3. 1,歯　小歯　歯外,診療所,,,,,,,,,,,,,,

142.0,01 / 盛歯441,3441.0,2.0,ゆいとぴあ歯科医院,〒020－0866,盛岡市本宮六丁目１１番１０号,019-631-2222 / 組織変更 / 令4. 10. 1,医療法人　美翔会　理事長　藤本　淳,藤本　淳 / 現存,平28. 10. 1,歯　小歯,診療所,,,,,,,,,,,,,,

143.0,01 / 盛歯443,3443.0,8.0,吉田歯科クリニック,〒020－0065,盛岡市西下台町１８番２７号,019-622-0652 / 交代 / 令5. 4. 1,吉田　大徹,吉田　大徹 / 現存,平29. 4. 1,歯,診療所,,,,,,,,,,,,,,

144.0,01 / 盛歯444,3444.0,6.0,吉田歯科医院,〒020－0871,盛岡市中ノ橋通一丁目４番２２号中ノ橋１０６ビル３階,019-622-4407 / 交代 / 令5. 3. 3,吉田　一穂,吉田　一穂 / 現存,平29. 3. 3,歯,診療所,,,,,,,,,,,,,,

145.0,01 / 盛歯445,3445.0,3.0,じろう歯科クリニック,〒020－0026,盛岡市開運橋通１番２１号,019-622-4755 / 移動 / 令5. 5. 1,岡田　治郎,岡田　治郎 / 現存,平29. 5. 1,歯　小歯,診療所,,,,,,,,,,,,,,

146.0,01 / 盛歯447,3447.0,9.0,リーフ歯科クリニック,〒020－0015,盛岡市本町通一丁目１４番８号グラーベ．Ⅰ,019-626-4182 / 新規 / 令5. 6. 1,湯浅　麻里,湯浅　麻里 / 現存,平29. 6. 1,歯　小歯,診療所,,,,,,,,,,,,,,

147.0,01 / 盛歯448,3448.0,7.0,医療法人菜園矯正歯科クリニック,〒020－0026,盛岡市開運橋通２番２０号,019-621-8484 / 移動 / 令5. 7. 1,医療法人菜園矯正歯科クリニック　理事長　古町　瑞郎,古町　瑞郎 / 現存,平29. 7. 1,矯歯　歯,診療所,,,,,,,,,,,,,,

148.0,01 / 盛歯450,3450.0,3.0,医療法人　双友会　双木歯科医院,〒020－0121,盛岡市月が丘二丁目３番２５号,019-645-7311 / 組織変更 / 令5. 8. 1,医療法人　双友会　理事長　双木　均,双木　均 / 現存,平29. 8. 1,歯　小歯　歯外,診療所,,,,,,,,,,,,,,

149.0,01 / 盛歯452,3452.0,9.0,ゆうデンタルケア,〒020－0032,盛岡市夕顔瀬町１番１号,019-613-9871 / 新規 / 令5. 12. 18,横瀬　隆夫,横瀬　隆夫 / 現存,平29. 12. 18,歯　小歯,診療所,,,,,,,,,,,,,,

150.0,01 / 盛歯453,3453.0,7.0,前田歯科医院,〒020－0133,盛岡市青山四丁目３０番１号,019-645-2135 / 交代 / 令6. 1. 1,前田　智秀,前田　智秀 / 現存,平30. 1. 1,歯　歯外　小歯　矯歯,診療所,,,,,,,,,,,,,,

151.0,01 / 盛歯454,3454.0,5.0,デンタル　オフィス　Ｋ,〒020－0022,盛岡市大通一丁目１番１６号岩手教育会館１Ｆ,019-626-7643 / 移動 / 令6. 4. 1,工藤　努,工藤　努 / 現存,平30. 4. 1,歯　歯外　小歯,診療所,,,,,,,,,,,,,,

152.0,01 / 盛歯457,3457.0,8.0,はだ歯科医院,〒020－0122,盛岡市みたけ四丁目３６番３６号,019-681-1118 / 新規 / 令6. 5. 7,羽田　朋弘,羽田　朋弘 / 現存,平30. 5. 7,歯　歯外　小歯,診療所,,,,,,,,,,,,,,

153.0,01 / 盛歯458,3458.0,6.0,タケダ歯科盛岡インプラントクリニック,〒020－0066,盛岡市上田一丁目３番１０号イースタンキャッスル１Ｆ,019-606-4618 / 交代 / 令6. 6. 1,医療法人ヒロ・デンタル・プロデュース　理事長　竹田　浩人,坂本　望 / 現存,平30. 6. 1,歯　小歯　歯外,診療所,,,,,,,,,,,,,,

154.0,01 / 盛歯459,3459.0,4.0,なかの矯正歯科,〒020－0807,盛岡市加賀野二丁目８番２４号エスト加賀野１０２号,019-604-8883 / 組織変更 / 令6. 9. 1,医療法人なかの矯正歯科　理事長　中野　廣一,中野　廣一 / 現存,平30. 9. 1,矯歯,診療所,,,,,,,,,,,,,,

155.0,01 / 盛歯461,3461.0,0.0,ただしデンタルオフィス,〒020－0122,盛岡市みたけ二丁目９番６０号,019-681-0180 / 新規 / 令6. 11. 12,高橋　正,高橋　正 / 現存,平30. 11. 12,歯　小歯　矯歯　歯外,診療所,,,,,,,,,,,,,,

156.0,01 / 盛歯463,3463.0,6.0,手代森歯科クリニック,〒020－0401,盛岡市手代森７地割７８番地４,019-675-1133 / 組織変更 / 令7. 4. 1,医療法人幸英会　理事長　川村　英幹,川村　英幹 / 現存,平31. 4. 1,歯　小歯,診療所,,,,,,,,,,,,,,

157.0,01 / 盛歯464,3464.0,4.0,国分通り歯科,〒020－0121,盛岡市月が丘三丁目３０番２０号,019-648-8080 / 新規 / 令7. 5. 17,齋藤　大嗣,齋藤　大嗣 / 現存,令元. 5. 17,歯　歯外　矯歯　小歯,診療所,,,,,,,,,,,,,,

158.0,01 / 盛歯465,3465.0,1.0,デンタルオフィス　サンサ,〒020－0836,盛岡市津志田西二丁目１７番５０号,019-656-1780 / 新規 / 令7. 5. 1,及川　愛,及川　愛 / 現存,令元. 5. 1,歯　小歯,診療所,,,,,,,,,,,,,,

159.0,01 / 盛歯467,3467.0,7.0,あい歯科クリニック,〒020－0121,盛岡市月が丘三丁目３９－５０,019-641-8814 / 交代 / 令元. 8. 1,藤原　英明,藤原　英明 / 現存,令元. 8. 1,歯　小歯,診療所,,,,,,,,,,,,,,

160.0,01 / 盛歯468,3468.0,5.0,ながの歯科クリニック,〒020－0835,盛岡市津志田１４地割１７３,019-639-0124 / 新規 / 令元. 9. 17,医療法人　ながの　理事長　長野　隆行,長野　えり子 / 現存,令元. 9. 17,歯　小歯　矯歯,診療所,,,,,,,,,,,,,,

161.0,01 / 盛歯470,3470.0,1.0,かなざわ歯科クリニック,〒020－0015,盛岡市本町通二丁目１４－３８,019-618-2399 / 新規 / 令2. 3. 7,金澤　智美,金澤　智美 / 現存,令2. 3. 7,歯　小歯,診療所,,,,,,,,,,,,,,

162.0,01 / 盛歯471,3471.0,9.0,鈴木歯科診療室,〒020－0127,盛岡市前九年２－１０－３９,019-646-7733 / 交代 / 令2. 4. 1,鈴木　里奈,鈴木　里奈 / 現存,令2. 4. 1,歯　矯歯　小歯,診療所,,,,,,,,,,,,,,

163.0,01 / 盛歯473,3473.0,5.0,小山田歯科医院,〒020－0034,盛岡市盛岡駅前通８番１１号盛岡駅前ビル３階,019-625-1744 / 交代 / 令3. 1. 1,小山田　晃,小山田　晃 / 現存,令3. 1. 1,歯　小歯,診療所,,,,,,,,,,,,,,

164.0,01 / 盛歯475,3475.0,0.0,木のまち歯科矯正歯科医院,〒020－0022,盛岡市大通三丁目１０番２９号,019-626-4618 / 移動 / 令3. 10. 1,村上　晶子,村上　晶子 / 現存,令3. 10. 1,歯　矯歯　小歯,診療所,,,,,,,,,,,,,,

165.0,01 / 盛歯476,3476.0,8.0,本宮みずかわ矯正歯科クリニック,〒020－0866,盛岡市本宮六丁目２４番３０号,019-613-8110 / 新規 / 令3. 11. 15,水川　卓磨,水川　卓磨 / 現存,令3. 11. 15,矯歯　歯,診療所,,,,,,,,,,,,,,

166.0,01 / 盛歯477,3477.0,6.0,盛岡となん歯科・こども矯正歯科,〒020－0831,盛岡市三本柳７地割１３番地８,019-638-8680 / 組織変更 / 令3. 10. 1,医療法人ａ－ｌｉｖｅ　理事長　山田　優貴,山田　優貴 / 現存,令3. 10. 1,歯　小歯　矯歯　歯外,診療所,,,,,,,,,,,,,,

167.0,01 / 盛歯478,3478.0,4.0,ゆうがおせ歯科医院,〒020－0063,盛岡市材木町８番２１号グリーンキャピタル材木町第３　１Ｆ,019-652-0806 / 移動 / 令4. 1. 11,村木　力,村木　力 / 現存,令4. 1. 11,歯　歯外,診療所,,,,,,,,,,,,,,

168.0,01 / 盛歯479,3479.0,2.0,盛岡ＫＴ歯科・矯正歯科,〒020－0022,盛岡市大通一丁目７番６号ＰＲＥＮＤＲＥ　ＴＨＲＥＥ２０１,019-601-3325 / 交代 / 令4. 10. 1,宇野　聡一郎,宇野　聡一郎 / 現存,令4. 10. 1,歯　矯歯　小歯　歯外,診療所,,,,,,,,,,,,,,

169.0,01 / 盛歯480,3480.0,0.0,ささきデンタルクリニック,〒020－0013,盛岡市愛宕町３番２５号,019-601-4118 / 新規 / 令4. 10. 17,佐々木　岳,佐々木　岳 / 現存,令4. 10. 17,歯　歯外　小歯　矯歯,診療所,,,,,,,,,,,,,,

170.0,01 / 盛歯482,3482.0,6.0,ししど歯科医院,〒020－0402,盛岡市黒川２２地割３９番地１,019-658-8092 / 新規 / 令5. 4. 1,宍戸　誉,宍戸　誉 / 現存,令5. 4. 1,歯　小歯　歯外,診療所,,,,,,,,,,,,,,

171.0,01 / 盛歯483,3483.0,4.0,守口歯科クリニック,〒020－0103,盛岡市西松園三丁目２３番１０号,019-663-1717 / 交代 / 令5. 4. 1,守口　和,守口　和 / 現存,令5. 4. 1,歯　小歯,診療所,,,,,,,,,,,,,,

172.0,01 / 盛歯484,3484.0,2.0,ＡＢＣデンタル,〒020－0851,盛岡市向中野五丁目２１番２３号,019-613-5585 / 組織変更 / 令5. 6. 1,医療法人桜月　理事長　松尾　伸一,松尾　伸一 / 現存,令5. 6. 1,歯　矯歯　小歯　歯外,診療所,,,,,,,,,,,,,,

173.0,01 / 盛歯485,3485.0,9.0,こうま駅前デンタルクリニック,〒028－4125,盛岡市好摩字夏間木１０５番地１,019-613-6480 / 新規 / 令5. 7. 1,城　盛太朗,城　盛太朗 / 現存,令5. 7. 1,歯　歯外　小歯　矯歯,診療所,,,,,,,,,,,,,,

174.0,01 / 盛歯486,3486.0,7.0,栃内歯科医院,〒020－0884,盛岡市神明町１０番３５号,019-625-1588 / 組織変更 / 令5. 6. 1,医療法人啓仁会　理事長　栃内　明啓,栃内　明啓 / 現存,令5. 6. 1,歯　小歯　矯歯,診療所,,,,,,,,,,,,,,

175.0,01 / 盛歯487,3487.0,5.0,デンタルスクエアもりおか青山,〒020－0133,盛岡市青山二丁目６番２０号,019-681-3719 / 移動 / 令6. 4. 11,医療法人颯爽　理事長　松浦　政彦,松浦　政彦 / 現存,令6. 4. 11,歯　歯外　矯歯　小歯,診療所,,,,,,,,,,,,,,

176.0,01 / 盛歯488,3488.0,3.0,天日歯科医院,〒020－0022,盛岡市大通り一丁目３番４号宏陽ビル４階,019-652-2820 / 交代 / 令6. 6. 1,天日　久子,天日　久子 / 現存,令6. 6. 1,歯,診療所,,,,,,,,,,,,,,

177.0,01 / 盛歯489,3489.0,1.0,盛岡デンタルケアクリニック,〒020－0024,盛岡市菜園一丁目６番１３号,019-658-8730 / 新規 / 令6. 7. 1,医療法人社団マリナ会　理事長　水上　和博,中林　良行 / 現存,令6. 7. 1,歯,診療所,,,,,,,,,,,,,,

178.0,01 / 盛歯491,3491.0,7.0,医療法人ａ—ｌｉｖｅ　盛岡ＬＡＲＡ矯正歯科・こども歯科,〒020－0871,盛岡市中ノ橋通一丁目６番８号ｍｏｎａｋａ３階,019-656-8885 / 新規 / 令6. 7. 11,医療法人ａ－ｌｉｖｅ　理事長　山田　優貴,太田　麻衣子 / 現存,令6. 7. 11,歯　小歯　矯歯　歯外,診療所,,,,,,,,,,,,,,

179.0,01 / 盛歯492,3492.0,5.0,まきなえ歯科小児歯科,〒020－0833,盛岡市西見前１５地割１３６,019-601-2237 / 新規 / 令6. 10. 7,蒔苗　剛,蒔苗　剛 / 現存,令6. 10. 7,歯　矯歯　小歯　歯外,診療所,,,,,,,,,,,,,,

180.0,01 / 盛歯493,3493.0,3.0,塚谷デンタルクリニック,〒020－0866,盛岡市本宮字小板小瀬１３番地２,019-601-4844 / 新規 / 令6. 9. 6,医療法人朔北会　理事長　塚谷　栄紀,塚谷　顕介 / 現存,令6. 9. 6,歯　矯歯　小歯　歯外,診療所,,,,,,,,,,,,,,

181.0,01 / 盛歯494,3494.0,1.0,ヴェルデ歯科医院,〒020－0107,盛岡市松園二丁目１番１９号,019-656-7603 / 新規 / 令7. 2. 20,矢作　智花,矢作　智花 / 現存,令7. 2. 20,歯,診療所,,,,,,,,,,,,,,

182.0,01 / 盛歯496,3496.0,6.0,ＮＡＯ　ＤＥＮＴＡＬ　ＣＬＩＮＩＣ,〒020－0066,盛岡市上田四丁目２０番３号,019-601-4180 / 新規 / 令7. 5. 30,水間　尚吾,水間　尚吾 / 現存,令7. 5. 30,歯　小歯　歯外,病院,,,,,,,,,,,,,,

183.0,02 / 宮歯18,3018.0,6.0,松山歯科医院,〒027－0023,宮古市磯鶏沖９番３４号,0193-63-6657 / 新規 / 令5. 12. 4,松山　光男,松山　光男 / 現存,昭53. 12. 4,歯,診療所,,,,,,,,,,,,,,

184.0,02 / 宮歯20,3020.0,2.0,吉川歯科医院,〒027－0091,宮古市築地一丁目３番４号,0193-63-4747 / 新規 / 令6. 10. 1,吉川　道雄,吉川　道雄 / 現存,昭54. 10. 1,歯,診療所,,,,,,,,,,,,,,

185.0,02 / 宮歯24,3024.0,4.0,中澤歯科医院,〒027－0083,宮古市大通四丁目４番２号,0193-62-1259 / 新規 / 令4. 1. 7,中澤　利明,中澤　利明 / 現存,昭55. 1. 7,歯,診療所,,,,,,,,,,,,,,

186.0,02 / 宮歯29,3029.0,3.0,宮古歯科医院,〒027－0052,宮古市宮町二丁目２番３４号,0193-63-4300 / 新規 / 令5. 9. 1,阿部　洋司,阿部　洋司 / 休止,昭56. 4. 1,歯,診療所,,,,,,,,,,,,,,

187.0,02 / 宮歯30,3030.0,1.0,林歯科クリニック,〒027－0061,宮古市西町一丁目７番３８号,0193-63-8743 / 新規 / 令6. 7. 26,林　朗,林　朗 / 現存,昭57. 7. 26,歯,診療所,,,,,,,,,,,,,,

188.0,02 / 宮歯31,3031.0,9.0,道又歯科医院,〒027－0006,宮古市鍬ケ崎上町８番２０号,0193-62-3134 / 新規 / 令6. 10. 20,道又　元,道又　元 / 現存,昭57. 10. 20,歯　小歯,診療所,,,,,,,,,,,,,,

189.0,02 / 宮歯32,3032.0,7.0,歯科伊藤医院,〒027－0083,宮古市大通一丁目３番１３号,0193-62-8241 / 新規 / 令4. 4. 5,伊藤　篤,伊藤　篤 / 現存,昭58. 4. 5,歯,診療所,,,,,,,,,,,,,,

190.0,02 / 宮歯37,3037.0,6.0,デンタルクリニック駒井,〒027－0044,宮古市上鼻二丁目２番１号,0193-63-6188 / 新規 / 令4. 6. 10,駒井　豊一,駒井　豊一 / 現存,昭61. 6. 10,歯,診療所,,,,,,,,,,,,,,

191.0,02 / 宮歯39,3039.0,2.0,久保歯科医院,〒027－0006,宮古市鍬ケ崎上町２番２４号,0193-63-0648 / 新規 / 令4. 4. 17,久保　宮幸,久保　宮幸 / 現存,平4. 4. 17,歯　小歯,診療所,,,,,,,,,,,,,,

192.0,02 / 宮歯40,3040.0,0.0,くらた歯科医院,〒027－0025,宮古市実田一丁目７番１７号,0193-64-5088 / 新規 / 令4. 6. 1,倉田　英生,倉田　英生 / 現存,平4. 6. 1,歯,診療所,,,,,,,,,,,,,,

193.0,02 / 宮歯41,3041.0,8.0,佐原歯科医院,〒027－0095,宮古市佐原三丁目４番１号,0193-64-6688 / 新規 / 令5. 9. 1,中居　英司,中居　英司 / 現存,平5. 7. 2,歯,診療所,,,,,,,,,,,,,,

194.0,02 / 宮歯42,3042.0,6.0,昆デンタルクリニック,〒027－0203,宮古市津軽石第５地割字裏角地８８番１５号,0193-67-4380 / 新規 / 令4. 5. 22,昆　亜紀夫,昆　亜紀夫 / 現存,平7. 5. 22,歯,診療所,,,,,,,,,,,,,,

195.0,02 / 宮歯46,3046.0,7.0,伊藤歯科医院,〒027－0038,宮古市小山田二丁目７番６９号,0193-71-2288 / 移動 / 令6. 12. 20,伊藤　房恵,伊藤　房恵 / 現存,平12. 12. 20,歯,診療所,,,,,,,,,,,,,,

196.0,02 / 宮歯53,3053.0,3.0,坂下歯科医院,〒027－0052,宮古市宮町一丁目１番４６号,0193-65-6030 / 新規 / 令2. 5. 8,坂下　勝啓,坂下　勝啓 / 現存,平20. 5. 8,歯　小歯,診療所,,,,,,,,,,,,,,

197.0,02 / 宮歯54,3054.0,1.0,宮古市国民健康保険川井歯科診療所,〒028－2302,宮古市川井第２地割１６９番地５,0193-76-2363 / 新規 / 令7. 6. 1,宮古市長　山本　正德,米澤　紗織 / 現存,平19. 6. 1,歯,診療所,,,,,,,,,,,,,,

198.0,02 / 宮歯55,3055.0,8.0,黒田歯科,〒027－0021,宮古市藤原二丁目１０番１５号,0193-64-1118 / 移動 / 令5. 11. 1,黒田　俊之,黒田　俊之 / 現存,平23. 11. 1,歯,診療所,,,,,,,,,,,,,,

199.0,02 / 宮歯56,3056.0,6.0,デンタルオフィス松橋,〒027－0074,宮古市保久田４番２６号,0193-63-1145 / 交代 / 令6. 1. 1,松橋　精二郎,松橋　精二郎 / 現存,平24. 1. 1,歯,診療所,,,,,,,,,,,,,,

200.0,02 / 宮歯058,3058.0,2.0,宮古うみねこ歯科クリニック,〒027－0082,宮古市向町４番４号,0193-65-8281 / 新規 / 令5. 2. 1,岡村　真也,岡村　真也 / 現存,令5. 2. 1,歯　歯外　矯歯,診療所,,,,,,,,,,,,,,

201.0,02 / 宮歯059,3059.0,0.0,山本歯科医院,〒027－0325,宮古市田老三王一丁目１番３－２号,0193-65-8855 / 交代 / 令6. 4. 1,山本　尚德,山本　尚德 / 現存,令6. 4. 1,歯,診療所,,,,,,,,,,,,,,

202.0,03 / 大歯19,3019.0,2.0,後藤歯科医院,〒022－0001,大船渡市末崎町字平林７２番地２６,0192-29-3888 / 新規 / 令6. 6. 4,後藤　俊明,後藤　俊明 / 現存,昭63. 6. 4,歯,診療所,,,,,,,,,,,,,,

203.0,03 / 大歯22,3022.0,6.0,ちば歯科医院,〒022－0004,大船渡市猪川町字轆轤石１０番地１３,0192-27-8727 / 新規 / 令4. 4. 17,千葉　寛子,千葉　寛子 / 現存,平4. 4. 17,歯,診療所,,,,,,,,,,,,,,

204.0,03 / 大歯28,3028.0,3.0,いわぶち歯科,〒022－0002,大船渡市大船渡町字新田４８番地２２,0192-21-3377 / 新規 / 令7. 4. 5,岩渕　由之,岩渕　由之 / 現存,平13. 4. 5,歯,診療所,,,,,,,,,,,,,,

205.0,03 / 大歯29,3029.0,1.0,大船渡市国民健康保険歯科診療所,〒022－0211,大船渡市三陸町綾里字平舘７５番地２,0192-42-3228 / 令4. 6. 1,大船渡市長　渕上　清,熊谷　優志 / 現存,昭55. 6. 1,歯,診療所,,,,,,,,,,,,,,

206.0,03 / 大歯32,3032.0,5.0,渡辺歯科クリニック,〒022－0004,大船渡市猪川町字前田３番地３,0192-26-5100 / 交代 / 令3. 4. 1,渡辺　美紀,渡辺　美紀 / 現存,平15. 4. 1,歯　矯歯,診療所,,,,,,,,,,,,,,

207.0,03 / 大歯34,3034.0,1.0,広沢歯科医院,〒022－0003,大船渡市盛町字宇津野沢５番地２号,0192-27-4310 / 交代 / 令3. 4. 28,廣澤　聡,廣澤　聡 / 現存,平21. 4. 28,歯,診療所,,,,,,,,,,,,,,

208.0,03 / 大歯36,3036.0,6.0,及川歯科医院,〒022－0003,大船渡市盛町字みどり町３番地１５,0192-27-5582 / 組織変更 / 令4. 3. 1,医療法人理誠会　理事長　及川　理,及川　理 / 現存,平22. 3. 1,歯　歯外,診療所,,,,,,,,,,,,,,

209.0,03 / 大歯37,3037.0,4.0,細川歯科医院,〒022－0002,大船渡市大船渡町字台１６番地２,0192-27-4158 / 移動 / 令5. 8. 1,細川　貴孝,細川　貴孝 / 現存,平23. 8. 1,歯,診療所,,,,,,,,,,,,,,

210.0,03 / 大歯39,3039.0,0.0,いいだ歯科クリニック,〒022－0002,大船渡市大船渡町字富沢３１番地１,0192-26-0082 / 新規 / 令7. 3. 1,飯田　浩之,飯田　浩之 / 現存,平25. 3. 1,歯　小歯,診療所,,,,,,,,,,,,,,

211.0,03 / 大歯40,3040.0,8.0,橋爪歯科医院,〒022－0002,大船渡市大船渡町字上山１１－１８,0192-27-8282 / 移動 / 令元. 10. 16,橋爪　正一,橋爪　正一 / 現存,平25. 10. 16,歯,診療所,,,,,,,,,,,,,,

212.0,03 / 大歯41,3041.0,6.0,峰岸歯科医院,〒022－0002,大船渡市大船渡町字笹崎１５－９,0192-27-5535 / 移動 / 令元. 11. 11,熊谷　英人,熊谷　英人 / 現存,平25. 11. 11,歯　小歯,診療所,,,,,,,,,,,,,,

213.0,03 / 大歯42,3042.0,4.0,くまかみ歯科クリニック,〒022－0007,大船渡市赤崎町字諏訪前３７番地２,0192-21-1888 / 組織変更 / 令2. 8. 1,医療法人一止会　理事長　熊上　亮,熊上　亮 / 現存,平26. 8. 1,歯,診療所,,,,,,,,,,,,,,

214.0,03 / 大歯45,3045.0,7.0,気仙訪問歯科診療所,〒022－0002,大船渡市大船渡町字新田４６番地４,0192-47-4533 / 移動 / 令3. 6. 1,大阿久　国賢,大阿久　国賢 / 現存,平27. 6. 1,歯,診療所,,,,,,,,,,,,,,

215.0,05 / 花歯30,3030.0,4.0,高田歯科医院,〒025－0088,花巻市東町３番２８号,0198-23-5545 / 新規 / 令4. 12. 1,高田　宣之,高田　宣之 / 現存,昭55. 12. 1,歯,診療所,,,,,,,,,,,,,,

216.0,05 / 花歯32,3032.0,0.0,狩野歯科医院,〒025－0042,花巻市円万寺字法船８０番地,0198-28-4100 / 新規 / 令6. 10. 1,狩野　裕史,狩野　裕史 / 現存,昭57. 10. 1,歯,診療所,,,,,,,,,,,,,,

217.0,05 / 花歯33,3033.0,8.0,金子歯科医院,〒025－0087,花巻市上町８番１７号,0198-23-3518 / 新規 / 令4. 4. 1,金子　克彦,金子　克彦 / 現存,昭58. 4. 1,歯　矯歯,診療所,,,,,,,,,,,,,,

218.0,05 / 花歯35,3035.0,3.0,植村歯科医院,〒025－0092,花巻市大通り二丁目７番３号,0198-23-2521 / 新規 / 令5. 1. 4,植村　和雄,植村　和雄 / 現存,昭59. 1. 4,歯,診療所,,,,,,,,,,,,,,

219.0,05 / 花歯36,3036.0,1.0,八重樫歯科医院,〒025－0088,花巻市東町４番１１号,0198-24-1088 / 新規 / 令5. 9. 1,八重樫　寿人,八重樫　寿人 / 現存,昭59. 4. 12,歯,診療所,,,,,,,,,,,,,,

220.0,05 / 花歯38,3038.0,7.0,鎌田歯科医院,〒025－0315,花巻市二枚橋町南一丁目４７番地２,0198-26-2113 / 新規 / 令4. 9. 16,鎌田　英史,鎌田　英史 / 現存,昭61. 9. 16,歯　矯歯　小歯,診療所,,,,,,,,,,,,,,

221.0,05 / 花歯40,3040.0,3.0,松園歯科クリニック,〒025－0065,花巻市星が丘二丁目１６番３号,0198-22-5411 / 新規 / 令4. 11. 6,狩野　敦史,狩野　敦史 / 現存,平元. 11. 6,歯,診療所,,,,,,,,,,,,,,

222.0,05 / 花歯41,3041.0,1.0,及川歯科クリニック,〒025－0077,花巻市仲町９番１７号,0198-22-5522 / 新規 / 令5. 9. 1,及川　浄司,及川　浄司 / 現存,平2. 4. 16,歯,診療所,,,,,,,,,,,,,,

223.0,05 / 花歯45,3045.0,2.0,こばやかわ歯科医院,〒025－0084,花巻市桜町四丁目２３４番地１,0198-23-7623 / 新規 / 令6. 7. 25,小早川　隆文,小早川　隆文 / 現存,平3. 7. 25,歯　矯歯　歯外　小歯,診療所,,,,,,,,,,,,,,

224.0,05 / 花歯46,3046.0,0.0,たむら歯科医院,〒025－0021,花巻市南城２７番地１３,0198-23-6788 / 新規 / 令4. 6. 1,田村　太伸,田村　太伸 / 現存,平4. 6. 1,歯,診療所,,,,,,,,,,,,,,

225.0,05 / 花歯47,3047.0,8.0,藤根歯科医院,〒025－0304,花巻市湯本第６地割１６９番地,0198-27-2894 / 新規 / 令5. 9. 1,藤根　浩樹,藤根　浩樹 / 現存,平5. 8. 11,歯　小歯,診療所,,,,,,,,,,,,,,

226.0,05 / 花歯48,3048.0,6.0,宮川歯科クリニック,〒025－0066,花巻市松園町４５０番６号,0198-23-1070 / 新規 / 令4. 12. 1,宮川　和亮,宮川　和亮 / 現存,平7. 12. 1,歯,診療所,,,,,,,,,,,,,,

227.0,05 / 花歯50,3050.0,2.0,多田歯科クリニック,〒025－0097,花巻市若葉町三丁目１５番１号,0198-41-1315 / 新規 / 令4. 1. 12,多田　建造,多田　建造 / 現存,平10. 1. 12,歯,診療所,,,,,,,,,,,,,,

228.0,05 / 花歯51,3051.0,0.0,いしくろ歯科医院,〒025－0064,花巻市桜台二丁目１２番１号,0198-24-8014 / 組織変更 / 令4. 3. 1,医療法人石桜会　理事長　石黒　姿子,石黒　姿子 / 現存,平10. 3. 1,歯　矯歯　小歯,診療所,,,,,,,,,,,,,,

229.0,05 / 花歯52,3052.0,8.0,花巻市休日歯科診療所,〒025－0055,花巻市南万丁目９７０番地５,0198-41-1351 / 新規 / 令4. 4. 26,花巻市長　上田　東一,狩野　敦史 / 現存,平10. 4. 26,歯,診療所,,,,,,,,,,,,,,

230.0,05 / 花歯56,3056.0,9.0,畠山歯科医院,〒025－0091,花巻市西大通り一丁目６番３０号,0198-23-4645 / 組織変更 / 令5. 9. 1,医療法人幸花会　理事長　畠山良彦,畠山　良彦 / 現存,平17. 8. 1,歯　矯歯　小歯,診療所,,,,,,,,,,,,,,

231.0,05 / 花歯62,3062.0,7.0,桜井歯科医院,〒028－3101,花巻市石鳥谷町好地第９地割９番地９,0198-45-5200 / 新規 / 令6. 7. 1,櫻井　保典,櫻井　保典 / 現存,昭57. 7. 1,歯,診療所,,,,,,,,,,,,,,

232.0,05 / 花歯63,3063.0,5.0,上村歯科医院,〒028－3101,花巻市石鳥谷町好地第８地割８８番地１,0198-45-6467 / 新規 / 令6. 11. 12,上村　誠,上村　誠 / 現存,昭57. 11. 12,歯,診療所,,,,,,,,,,,,,,

233.0,05 / 花歯64,3064.0,3.0,佐藤歯科医院,〒028－3101,花巻市石鳥谷町好地第６地割４番地１,0198-45-2300 / 組織変更 / 令5. 9. 1,医療法人佐藤歯科医院　理事長　佐藤　豊,佐藤　豊 / 現存,平5. 4. 1,歯,診療所,,,,,,,,,,,,,,

234.0,05 / 花歯67,3067.0,6.0,おばら歯科医院,〒028－0114,花巻市東和町土沢５区４３０番地,0198-42-3888 / 組織変更 / 令6. 5. 1,医療法人小原クリニック　理事長　小原　宜裕,小原　宜裕 / 現存,平6. 5. 1,歯,診療所,,,,,,,,,,,,,,

235.0,05 / 花歯68,3068.0,4.0,管野歯科医院,〒025－0079,花巻市末広町７番１０号,0198-23-5019 / 交代 / 令6. 6. 1,管野　大輔,管野　大輔 / 現存,平18. 6. 1,歯　矯歯,診療所,,,,,,,,,,,,,,

236.0,05 / 花歯71,3071.0,8.0,にしお歯科クリニック,〒028－3203,花巻市大迫町大迫第３地割１４５番地,0198-48-3088 / 組織変更 / 令3. 9. 1,医療法人ＩＩＣ　理事長　西尾　俊彦,西尾　俊彦 / 現存,平21. 9. 1,歯　矯歯　小歯,診療所,,,,,,,,,,,,,,

237.0,05 / 花歯72,3072.0,6.0,照井歯科医院,〒025－0098,花巻市材木町２８番２２号,0198-23-5850 / 移動 / 令5. 12. 13,照井　淑之,照井　淑之 / 現存,平23. 12. 13,歯,診療所,,,,,,,,,,,,,,

238.0,05 / 花歯73,3073.0,4.0,いとう歯科,〒025－0072,花巻市四日町三丁目８番４号,0198-29-5475 / 新規 / 令6. 12. 13,伊藤　進太郎,伊藤　進太郎 / 現存,平24. 12. 13,歯　小歯,診療所,,,,,,,,,,,,,,

239.0,05 / 花歯74,3074.0,2.0,成田歯科医院,〒025－0092,花巻市大通り一丁目１９番６号,0198-23-4448 / 組織変更 / 令元. 9. 1,医療法人久誠会　理事長　成田　兼久,成田　兼久 / 現存,平25. 9. 1,歯　矯歯　小歯,診療所,,,,,,,,,,,,,,

240.0,05 / 花歯75,3075.0,9.0,おおひら歯科医院,〒025－0094,花巻市桜木町二丁目１２５番地１,0198-29-6474 / 新規 / 令3. 11. 2,大平　明範,大平　明範 / 現存,平27. 11. 2,歯　歯外　小歯,診療所,,,,,,,,,,,,,,

241.0,05 / 花歯76,3076.0,7.0,不動大橋歯科クリニック,〒025－0038,花巻市不動町二丁目１番２号,0198-41-1110 / 組織変更 / 令4. 1. 1,医療法人　久誠会　理事長　成田　兼久,成田　朝子 / 現存,平28. 1. 1,歯　矯歯　小歯,診療所,,,,,,,,,,,,,,

242.0,05 / 花歯77,3077.0,5.0,オーラル総合歯科・矯正歯科,〒025－0016,花巻市高木第１９地割３４番地７,0198-24-0648 / 組織変更 / 令4. 9. 1,医療法人　ハピネス　理事長　八森　新二,八森　新二 / 現存,平28. 9. 1,歯　小歯　矯歯　歯外,診療所,,,,,,,,,,,,,,

243.0,05 / 花歯78,3078.0,3.0,多田歯科医院,〒028－0115,花巻市東和町安俵１１区１番地２,0198-42-2536 / 交代 / 令4. 11. 1,多田　源,多田　源 / 現存,平28. 11. 1,歯　歯外　小歯,診療所,,,,,,,,,,,,,,

244.0,05 / 花歯79,3079.0,1.0,医療法人廣正会寺内歯科医院,〒025－0091,花巻市西大通り二丁目１３番１３号,0198-41-1818 / 組織変更 / 令5. 5. 1,医療法人廣正会　理事長　寺内　正廣,寺内　正廣 / 現存,平29. 5. 1,歯　歯外　矯歯　小歯,診療所,,,,,,,,,,,,,,

245.0,05 / 花歯80,3080.0,9.0,あおいデンタル,〒025－0061,花巻市本館三丁目６番地１号,0198-41-4123 / 新規 / 令6. 5. 1,佐藤　博昭,佐藤　博昭 / 現存,平30. 5. 1,歯　小歯,診療所,,,,,,,,,,,,,,

246.0,05 / 花歯082,3082.0,5.0,花巻みなみデンタルクリニック,〒025－0024,花巻市山の神３９８番地１,0198-41-4187 / 新規 / 令3. 7. 1,藤原　顕輔,藤原　顕輔 / 現存,令3. 7. 1,歯　矯歯　小歯,診療所,,,,,,,,,,,,,,

247.0,05 / 花歯083,3083.0,3.0,ＴＯＫＵＴＯＭＩ　ＤＥＮＴＡＬ　ＣＬＩＮＩＣ,〒025－0086,花巻市鍛治町２番６号,0198-23-3411 / 移動 / 令3. 12. 10,徳富　文彬,徳富　文彬 / 現存,令3. 12. 10,歯,診療所,,,,,,,,,,,,,,

248.0,05 / 花歯084,3084.0,1.0,とも歯科医院,〒025－0065,花巻市星が丘一丁目３０番８号,0198-21-2122 / 組織変更 / 令4. 5. 1,医療法人恒和会　理事長　本舘　朋之,本舘　朋之 / 現存,令4. 5. 1,歯　小歯　歯外　矯歯,診療所,,,,,,,,,,,,,,

249.0,05 / 花歯085,3085.0,8.0,山内歯科医院,〒028－3203,花巻市大迫町大迫第３地割２０２番地,0198-48-3523 / 交代 / 令6. 4. 2,山内　武,山内　武 / 現存,令6. 4. 2,歯,診療所,,,,,,,,,,,,,,

250.0,06 / 北歯7,3007.0,0.0,北上矯正　福田歯科,〒024－0094,北上市本通り三丁目９番１０号,0197-64-3220 / 新規 / 令4. 1. 7,福田　興一,福田　興一 / 現存,昭49. 1. 7,歯　矯歯　小歯,診療所,,,,,,,,,,,,,,

251.0,06 / 北歯21,3021.0,1.0,大通り歯科医院,〒024－0061,北上市大通り二丁目１番１号,0197-64-5060 / 新規 / 令5. 9. 1,高橋　孝一,高橋　孝一 / 現存,昭56. 8. 4,歯,診療所,,,,,,,,,,,,,,

252.0,06 / 北歯29,3029.0,4.0,本石町歯科医院,〒024－0093,北上市本石町一丁目１番１８号,0197-64-4100 / 新規 / 令4. 7. 12,及川　智,及川　智 / 現存,昭61. 7. 12,歯,診療所,,,,,,,,,,,,,,

253.0,06 / 北歯30,3030.0,2.0,二子歯科医院,〒024－0104,北上市二子町鳥喰２０１番地,0197-66-3431 / 新規 / 令4. 12. 2,高橋　和敬,高橋　和敬 / 現存,昭61. 12. 2,歯,診療所,,,,,,,,,,,,,,

254.0,06 / 北歯34,3034.0,4.0,和賀歯科医院,〒024－0024,北上市中野町三丁目２番４号,0197-65-3000 / 新規 / 令5. 10. 22,和賀　浩幸,和賀　浩幸 / 現存,平2. 10. 22,歯　矯歯　小歯,診療所,,,,,,,,,,,,,,

255.0,06 / 北歯35,3035.0,1.0,おいかわ歯科クリニック,〒024－0056,北上市鬼柳町卯の木１５６番地２,0197-67-6161 / 新規 / 令5. 11. 14,及川　純,及川　純 / 現存,平2. 11. 14,歯,診療所,,,,,,,,,,,,,,

256.0,06 / 北歯37,3037.0,7.0,えづりこ歯科医院,〒024－0071,北上市上江釣子１８地割５７番地３,0197-77-2487 / 新規 / 令5. 3. 21,村上　美智子,村上　美智子 / 現存,昭59. 3. 21,歯,診療所,,,,,,,,,,,,,,

257.0,06 / 北歯40,3040.0,1.0,佐藤さとし歯科医院,〒024－0073,北上市下江釣子１１地割６０番地４,0197-73-5850 / 新規 / 令5. 9. 1,佐藤　聡,佐藤　聡 / 現存,平2. 6. 1,歯　小歯,診療所,,,,,,,,,,,,,,

258.0,06 / 北歯52,3052.0,6.0,伊東歯科医院,〒024－0012,北上市常盤台一丁目２３番１３号,0197-61-0246 / 新規 / 令5. 9. 1,伊東　真,伊東　真 / 現存,平8. 4. 26,歯,診療所,,,,,,,,,,,,,,

259.0,06 / 北歯54,3054.0,2.0,医療法人　北上歯科医院,〒024－0035,北上市花園町一丁目６番２９号,0197-63-4010 / 移動 / 令5. 10. 14,医療法人北上歯科医院　理事長　仲村　幸子,仲村　幸子 / 現存,平8. 10. 14,歯,診療所,,,,,,,,,,,,,,

260.0,06 / 北歯55,3055.0,9.0,門神歯科クリニック,〒024－0331,北上市和賀町横川目３６地割１６番地１０,0197-72-4180 / 新規 / 令5. 10. 14,小原　敏博,小原　敏博 / 現存,平8. 10. 14,歯,診療所,,,,,,,,,,,,,,

261.0,06 / 北歯56,3056.0,7.0,六本木歯科医院,〒024－0084,北上市さくら通り三丁目１番２３号,0197-64-6489 / 新規 / 令6. 2. 12,六本木　章,六本木　章 / 現存,平9. 2. 12,歯　小歯,診療所,,,,,,,,,,,,,,

262.0,06 / 北歯57,3057.0,5.0,都鳥歯科小児歯科クリニック,〒024－0091,北上市大曲町９番２６号,0197-64-3033 / 新規 / 令6. 4. 1,都鳥　美香,都鳥　美香 / 現存,平9. 4. 1,歯　小歯,診療所,,,,,,,,,,,,,,

263.0,06 / 北歯58,3058.0,3.0,ファミリー歯科医院,〒024－0072,北上市北鬼柳１９地割８３番地１,0197-77-4182 / 新規 / 令6. 5. 6,菊池　敏昭,菊池　敏昭 / 現存,平9. 5. 6,歯　矯歯　小歯　歯外,診療所,,,,,,,,,,,,,,

264.0,06 / 北歯59,3059.0,1.0,たんご歯科クリニック,〒024－0021,北上市上野町四丁目１２番２７号,0197-64-4415 / 新規 / 令4. 7. 9,丹呉　卓史,丹呉　卓史 / 現存,平10. 7. 9,歯　小歯,診療所,,,,,,,,,,,,,,

265.0,06 / 北歯62,3062.0,5.0,わたなべ歯科,〒024－0012,北上市常盤台二丁目１３番３７号,0197-61-2911 / 新規 / 令6. 10. 23,渡辺　昌文,渡辺　昌文 / 現存,平12. 10. 23,歯,診療所,,,,,,,,,,,,,,

266.0,06 / 北歯63,3063.0,3.0,なおこ歯科クリニック,〒024－0072,北上市北鬼柳１８地割１０４－２,0197-61-3368 / 新規 / 令元. 10. 2,小原　奈保子,小原　奈保子 / 現存,平13. 10. 2,歯　小歯,診療所,,,,,,,,,,,,,,

267.0,06 / 北歯64,3064.0,1.0,かじまち小原歯科医院,〒024－0062,北上市鍛冶町二丁目１３番２０号,0197-63-4058 / 新規 / 令元. 10. 1,小原　正文,小原　正文 / 現存,平13. 10. 1,歯　小歯,診療所,,,,,,,,,,,,,,

268.0,06 / 北歯65,3065.0,8.0,おおつつみ歯科クリニック,〒024－0051,北上市相去町旧舘沢１８－１,0197-81-5118 / 新規 / 令元. 10. 2,小田島　潤一,小田島　潤一 / 現存,平13. 10. 2,歯,診療所,,,,,,,,,,,,,,

269.0,06 / 北歯67,3067.0,4.0,むらさきの歯科医院,〒024－0004,北上市村崎野１６地割１６６番地３,0197-71-3418 / 組織変更 / 令4. 3. 1,医療法人　眞莉惠会　理事長　松生　達,松生　達 / 現存,平16. 3. 1,歯　小歯　矯歯,診療所,,,,,,,,,,,,,,

270.0,06 / 北歯69,3069.0,0.0,医療法人川岸会　及川歯科医院,〒024－0032,北上市川岸四丁目１１番２２号,0197-65-3334 / 移動 / 令5. 9. 1,医療法人川岸会　理事長　及川　保,及川　保 / 現存,平17. 5. 1,歯　矯歯　小歯,診療所,,,,,,,,,,,,,,

271.0,06 / 北歯70,3070.0,8.0,おやま歯科矯正クリニック,〒024－0061,北上市大通り二丁目３番１号,0197-65-1182 / 移動 / 令5. 9. 1,小山　浩平,小山　浩平 / 現存,平17. 6. 10,矯歯　歯,診療所,,,,,,,,,,,,,,

272.0,06 / 北歯72,3072.0,4.0,あや歯科医院,〒024－0004,北上市村崎野１６地割２８４番地,0197-68-4811 / 新規 / 令元. 7. 19,髙橋　綾,髙橋　綾 / 現存,平19. 7. 19,歯　小歯　歯外,診療所,,,,,,,,,,,,,,

273.0,06 / 北歯74,3074.0,0.0,スマイリーキッズ・デンタルケア,〒024－0063,北上市九年橋三丁目７番２２号,0197-65-6011 / 新規 / 令2. 2. 14,古山　智成,古山　智成 / 現存,平20. 2. 14,歯,診療所,,,,,,,,,,,,,,

274.0,06 / 北歯77,3077.0,3.0,松浦歯科医院,〒024－0031,北上市青柳町二丁目６番２１号,0197-72-5537 / 新規 / 令4. 6. 14,医療法人永照堂　理事長　松浦　利幸,松浦　利幸 / 現存,平22. 6. 14,歯　小歯　歯外,診療所,,,,,,,,,,,,,,

275.0,06 / 北歯78,3078.0,1.0,おだしま歯科クリニック,〒024－0063,北上市九年橋三丁目１８番１５号,0197-61-2111 / 組織変更 / 令5. 4. 1,医療法人ラビット　理事長　小田島　悟,小田島　悟 / 現存,平23. 4. 1,歯　矯歯　小歯　歯外,診療所,,,,,,,,,,,,,,

276.0,06 / 北歯81,3081.0,5.0,あだち歯科クリニック,〒024－0004,北上市村崎野１７地割４３番１,0197-72-6789 / 新規 / 令5. 6. 20,安達　孝二,安達　孝二 / 現存,平23. 6. 20,歯　小歯　歯外,診療所,,,,,,,,,,,,,,

277.0,06 / 北歯83,3083.0,1.0,サイトウデンタルクリニック,〒024－0061,北上市大通り二丁目６番１８号,0197-63-3011 / 移動 / 令6. 12. 1,医療法人サイトウデンタルクリニック　理事長　齋藤　勝也,齋藤　将寿 / 現存,平24. 12. 1,歯　矯歯　小歯　歯外,診療所,,,,,,,,,,,,,,

278.0,06 / 北歯85,3085.0,6.0,はなえ歯科医院,〒024－0071,北上市上江釣子１７地割９３,0197-72-5545 / 新規 / 令3. 5. 7,千葉　花恵,千葉　花恵 / 現存,平27. 5. 7,歯　小歯,診療所,,,,,,,,,,,,,,

279.0,06 / 北歯86,3086.0,4.0,とも歯科クリニック,〒024－0094,北上市本通り一丁目８番１７号,0197-64-1601 / 移動 / 令4. 7. 7,菅原　智子,菅原　智子 / 現存,平28. 7. 7,歯　小歯,診療所,,,,,,,,,,,,,,

280.0,06 / 北歯087,3087.0,2.0,さくらデンタルクリニック,〒024－0032,北上市川岸二丁目１０番２５号,0197-62-1110 / 組織変更 / 令3. 10. 1,医療法人さくら　理事長　昆　隆一,昆　隆一 / 現存,令3. 10. 1,歯,診療所,,,,,,,,,,,,,,

281.0,06 / 北歯088,3088.0,0.0,佐々木歯科医院,〒024－0004,北上市村崎野１５地割５３７番地５,0197-66-4184 / 組織変更 / 令4. 5. 1,医療法人貴宝選会　理事長　佐々木　正博,佐々木　貴博 / 現存,令4. 5. 1,歯　小歯　歯外,診療所,,,,,,,,,,,,,,

282.0,06 / 北歯089,3089.0,8.0,北上しらゆりデンタルクリニック,〒024－0082,北上市町分１８地割１１９番１,0197-62-8070 / 新規 / 令6. 7. 1,ＳＡＫＡＹＲＥＹＥＳＬＵＩＳＭＩＧＵＥＬ（境　英二,ＳＡＫＡＹＲＥＹＥＳＬＵＩＳＭＩＧＵＥＬ（境　英二 / 現存,令6. 7. 1,歯,診療所,,,,,,,,,,,,,,

283.0,06 / 北歯091,3091.0,4.0,北上デイズデンタル,〒024－0004,北上市村崎野２２地割１３２番地２３,019-772-6720 / 新規 / 令7. 5. 1,医療法人ハピネス　理事長　八森　新二,八森　寛 / 現存,令7. 5. 1,歯　矯歯　小歯　歯外,診療所,,,,,,,,,,,,,,

284.0,06 / 北歯092,3092.0,2.0,あかさか歯科クリニック,〒024－0035,北上市花園町二丁目５番１５号,019-763-3461 / 交代 / 令7. 5. 1,赤坂　賢二郎,赤坂　賢二郎 / 現存,令7. 5. 1,歯,診療所,,,,,,,,,,,,,,

285.0,07 / 久歯8,3008.0,6.0,宮澤歯科医院,〒028－0064,久慈市八日町一丁目３７番地,0194-53-0390 / 新規 / 令4. 9. 1,小栁　壽美子,小栁　壽美子 / 現存,昭52. 9. 1,歯　小歯,診療所,,,,,,,,,,,,,,

286.0,07 / 久歯15,3015.0,1.0,岩本歯科医院,〒028－0022,久慈市田屋町第１地割４８番地,0194-53-5155 / 新規 / 令6. 2. 1,岩本　一夫,岩本　一夫 / 現存,昭63. 2. 1,歯,診療所,,,,,,,,,,,,,,

287.0,07 / 久歯16,3016.0,9.0,八重樫歯科医院,〒028－0024,久慈市栄町３７地割１２８番地１０,0194-53-1222 / 新規 / 令4. 5. 12,八重樫　育男,八重樫　育男 / 現存,平元. 5. 12,歯,診療所,,,,,,,,,,,,,,

288.0,07 / 久歯21,3021.0,9.0,岩城歯科医院,〒028－0051,久慈市川崎町９番３１号,0194-53-2750 / 組織変更 / 令6. 9. 1,医療法人二紀会　理事長　岩城　大介,岩城　大介 / 現存,平6. 9. 1,歯,診療所,,,,,,,,,,,,,,

289.0,07 / 久歯24,3024.0,3.0,やまぐち歯科医院,〒028－0061,久慈市中央二丁目１６番地,0194-61-3748 / 新規 / 令6. 6. 12,山口　一徳,山口　一徳 / 現存,平12. 6. 12,歯　小歯　歯外　矯歯,診療所,,,,,,,,,,,,,,

290.0,07 / 久歯26,3026.0,8.0,おおさわ歯科クリニック,〒028－0051,久慈市川崎町１５番２９号,0194-61-3718 / 新規 / 令6. 11. 6,大澤　輝見子,大澤　輝見子 / 現存,平12. 11. 6,歯　小歯,診療所,,,,,,,,,,,,,,

291.0,07 / 久歯27,3027.0,6.0,長内歯科医院,〒028－0041,久慈市長内町第３０地割１６番地３,0194-61-1555 / 新規 / 令2. 11. 12,長内　宏夫,長内　宏夫 / 現存,平14. 11. 12,歯　小歯　歯外,診療所,,,,,,,,,,,,,,

292.0,07 / 久歯28,3028.0,4.0,田口歯科医院,〒028－8602,久慈市山形町川井第９地割８番地６,0194-72-2566 / 新規 / 令4. 11. 11,田口　淳,田口　淳 / 現存,昭61. 11. 11,歯,診療所,,,,,,,,,,,,,,

293.0,07 / 久歯29,3029.0,2.0,こばやし歯科クリニック,〒028－0014,久慈市旭町９地割４６番２,0194-53-1118 / 新規 / 令元. 9. 14,小林　直人,小林　直人 / 現存,平19. 9. 14,歯　小歯,診療所,,,,,,,,,,,,,,

294.0,07 / 久歯30,3030.0,0.0,うじょう歯科クリニック,〒028－0011,久慈市湊町第１５地割３２番地１５,0194-75-3860 / 新規 / 令6. 5. 1,夘城　敏隆,夘城　敏隆 / 現存,平24. 5. 1,歯　小歯,診療所,,,,,,,,,,,,,,

295.0,07 / 久歯031,3031.0,8.0,鳥谷医院,〒028－0065,久慈市十八日町一丁目３０番地３,01974-52-4618 / 移動 / 令6. 8. 1,社団医療法人恭生会　理事長　鳥谷　宗正,鳥谷　恭右 / 現存,平12. 8. 1,歯　歯外,診療所,,,,,,,,,,,,,,

296.0,07 / 久歯32,3032.0,6.0,吉田歯科医院,〒028－0052,久慈市本町二丁目４０番地,0194-53-2589 / 交代 / 令5. 9. 15,吉田　清範,吉田　清範 / 現存,平29. 9. 15,歯,診療所,,,,,,,,,,,,,,

297.0,07 / 久歯033,3033.0,4.0,あき矯正歯科医院,〒028－0041,久慈市長内町第３２地割１番３,0194-66-9430 / 新規 / 令2. 11. 14,吉田　彰英,吉田　彰英 / 現存,令2. 11. 14,矯歯,診療所,,,,,,,,,,,,,,

298.0,08 / 遠歯9,3009.0,2.0,飯高歯科医院,〒028－0541,遠野市松崎町白岩１１地割４４番地８,0198-62-8917 / 移動 / 令5. 12. 19,飯高　哲,飯高　哲 / 現存,昭59. 12. 19,歯,診療所,,,,,,,,,,,,,,

299.0,08 / 遠歯12,3012.0,6.0,遠野歯科クリニック,〒028－0522,遠野市新穀町４５番８号,0198-62-2101 / 新規 / 令3. 11. 22,田中　昭彦,田中　昭彦 / 現存,昭63. 11. 22,歯　矯歯　小歯,診療所,,,,,,,,,,,,,,

300.0,08 / 遠歯15,3015.0,9.0,佐藤歯科医院,〒028－0542,遠野市早瀬町二丁目１番６号,0198-62-0303 / 新規 / 令4. 10. 1,佐藤　圭士郎,佐藤　圭士郎 / 現存,平4. 10. 1,歯,診療所,,,,,,,,,,,,,,

301.0,08 / 遠歯17,3017.0,5.0,打越歯科医院,〒028－0517,遠野市上組町３番１０号,0198-60-1010 / 新規 / 令6. 4. 21,打越　岳,打越　岳 / 現存,平9. 4. 21,歯　小歯　矯歯,診療所,,,,,,,,,,,,,,

302.0,08 / 遠歯19,3019.0,1.0,かしわばら歯科クリニック,〒028－0304,遠野市宮守町下宮守２６地割１０６番地３,0198-67-2010 / 組織変更 / 令6. 2. 1,医療法人宏佑会　理事長　柏原　宏則,柏原　佑哉 / 現存,平12. 2. 1,歯　矯歯　小歯　歯外,診療所,,,,,,,,,,,,,,

303.0,08 / 遠歯20,3020.0,9.0,ながね歯科医院,〒028－0541,遠野市松崎町白岩１５地割３３番地１,0198-62-6454 / 交代 / 令4. 4. 16,佐々木　慶子,佐々木　慶子 / 現存,平22. 4. 16,歯,診療所,,,,,,,,,,,,,,

304.0,08 / 遠歯22,3022.0,5.0,沼崎歯科医院,〒028－0541,遠野市松崎町白岩２３地割７１番地５,0198-62-4108 / 新規 / 令7. 4. 1,沼崎　琢也,沼崎　琢也 / 現存,平25. 4. 1,歯,診療所,,,,,,,,,,,,,,

305.0,08 / 遠歯23,3023.0,3.0,宮守歯科診療所,〒028－0304,遠野市宮守町下宮守２９地割８５番地２,0198-67-2225 / 交代 / 令6. 4. 1,深澤　範子,深澤　範子 / 現存,平30. 4. 1,歯　小歯　歯外　矯歯,診療所,,,,,,,,,,,,,,

306.0,08 / 遠歯024,3024.0,1.0,両川歯科医院,〒028－0516,遠野市穀町７番地３９,0198-62-3211 / 組織変更 / 令7. 4. 1,医療法人清心会　理事長　田中　俊,田中　俊 / 現存,令7. 4. 1,歯　矯歯　小歯,診療所,,,,,,,,,,,,,,

307.0,09 / 関歯19,3019.0,9.0,三関歯科医院,〒021－0821,一関市三関字日照３６番地４,0191-21-1108 / 新規 / 令4. 7. 1,佐藤　敏明,佐藤　敏明 / 現存,昭55. 7. 1,歯,診療所,,,,,,,,,,,,,,

308.0,09 / 関歯21,3021.0,5.0,加藤歯科医院,〒021－0051,一関市山目字三反田２番３号,0191-21-0808 / 新規 / 令4. 10. 1,加藤　文明,加藤　史仁 / 現存,昭55. 10. 1,歯,診療所,,,,,,,,,,,,,,

309.0,09 / 関歯27,3027.0,2.0,根本歯科医院,〒021－0013,一関市宮下町１番１７号,0191-21-2468 / 新規 / 令5. 9. 1,根本　昌幸,根本　昌幸 / 現存,昭59. 4. 2,歯　矯歯,診療所,,,,,,,,,,,,,,

310.0,09 / 関歯30,3030.0,6.0,伊藤歯科医院,〒021－0852,一関市字沢１番地,0191-21-1488 / 新規 / 令5. 9. 1,伊藤　廣明,伊藤　廣明 / 現存,昭59. 4. 3,歯　小歯,診療所,,,,,,,,,,,,,,

311.0,09 / 関歯35,3035.0,5.0,栗駒歯科医院,〒021－0902,一関市萩荘字高梨東１６番地２,0191-24-2018 / 新規 / 令4. 4. 21,清野　精仁,清野　精仁 / 現存,昭61. 4. 21,歯,診療所,,,,,,,,,,,,,,

312.0,09 / 関歯39,3039.0,7.0,岩崎歯科クリニック,〒021－0821,一関市三関字仲田３５番地３,0191-23-0138 / 新規 / 令5. 9. 1,岩崎　茂則,岩崎　茂則 / 現存,昭62. 4. 1,歯,診療所,,,,,,,,,,,,,,

313.0,09 / 関歯44,3044.0,7.0,中善歯科医院,〒021－0867,一関市駅前１１番地,0191-26-3724 / 新規 / 令6. 7. 20,中川　善浩,中川　善浩 / 現存,平6. 7. 20,歯,診療所,,,,,,,,,,,,,,

314.0,09 / 関歯46,3046.0,2.0,こいわ歯科クリニック,〒021－0053,一関市山目字中野２０６番３号,0191-33-1155 / 新規 / 令4. 4. 1,小岩　竜太郎,小岩　竜太郎 / 現存,平10. 4. 1,歯,診療所,,,,,,,,,,,,,,

315.0,09 / 関歯48,3048.0,8.0,笠原歯科医院,〒021－0821,一関市三関字仲田２９番１,0191-21-0018 / 新規 / 令5. 9. 1,笠原　俊幸,笠原　俊幸 / 現存,平11. 5. 16,歯,診療所,,,,,,,,,,,,,,

316.0,09 / 関歯50,3050.0,4.0,萩荘歯科医院,〒021－0902,一関市萩荘字小萩２６番地１,0191-24-2012 / 新規 / 令6. 11. 21,梁川　輝行,梁川　輝行 / 現存,平12. 11. 21,歯　矯歯　小歯,診療所,,,,,,,,,,,,,,

317.0,09 / 関歯51,3051.0,2.0,あい歯科,〒021－0804,一関市五十人町５１番地,0191-21-5515 / 新規 / 令元. 7. 3,建部　仁,建部　仁 / 現存,平13. 7. 3,歯,診療所,,,,,,,,,,,,,,

318.0,09 / 関歯52,3052.0,0.0,赤荻歯科医院,〒021－0041,一関市赤荻字荻野１５１番地５,0191-25-4480 / 新規 / 令2. 6. 6,明石　雅江,明石　雅江 / 現存,平14. 6. 6,歯,診療所,,,,,,,,,,,,,,

319.0,09 / 関歯53,3053.0,8.0,ホリデーデンタルクリニック,〒021－0041,一関市赤荻亀田１７３－１,0191-25-5440 / 新規 / 令2. 7. 2,小家　雅子,小家　雅子 / 現存,平14. 7. 2,歯,診療所,,,,,,,,,,,,,,

320.0,09 / 関歯54,3054.0,6.0,村上歯科クリニック,〒021－0901,一関市真柴字中田５５－１２０,0191-31-6480 / 新規 / 令2. 7. 15,村上　哲,村上　哲 / 現存,平14. 7. 15,歯,診療所,,,,,,,,,,,,,,

321.0,09 / 関歯59,3059.0,5.0,ヨシハラ歯科医院,〒029－3101,一関市花泉町花泉字深井沢３３番地３,0191-82-4008 / 新規 / 令4. 6. 3,吉原　睦,吉原　睦 / 現存,昭61. 6. 3,歯　矯歯　小歯,診療所,,,,,,,,,,,,,,

322.0,09 / 関歯62,3062.0,9.0,本多歯科医院,〒029－0711,一関市大東町大原字台下１２番地２,0191-72-3223 / 新規 / 令4. 8. 25,本多　洋之,本多　洋之 / 現存,昭58. 8. 25,歯,診療所,,,,,,,,,,,,,,

323.0,09 / 関歯63,3063.0,7.0,石川歯科医院,〒029－0523,一関市大東町摺沢字石倉１６番地４,0191-75-3480 / 移動 / 令5. 9. 1,石川　哲也,石川　哲也 / 現存,昭62. 9. 1,歯,診療所,,,,,,,,,,,,,,

324.0,09 / 関歯68,3068.0,6.0,畠山歯科医院,〒029－0803,一関市千厩町千厩字構井田６４番地１３,0191-52-2250 / 新規 / 令5. 11. 1,畠山　康人,畠山　康人 / 現存,平2. 11. 1,歯,診療所,,,,,,,,,,,,,,

325.0,09 / 関歯69,3069.0,4.0,くまがい歯科クリニック,〒029－0803,一関市千厩町千厩字町８０番地ラウンドビル１階,0191-53-3113 / 新規 / 令6. 11. 1,熊谷　明,熊谷　明 / 現存,平6. 11. 1,歯,診療所,,,,,,,,,,,,,,

326.0,09 / 関歯70,3070.0,2.0,一関市国民健康保険千厩歯科診療所,〒029－0802,一関市千厩町小梨字大久保１番地１,0191-53-2535 / 移動 / 令4. 4. 1,一関市長　佐藤　善仁,小原　健 / 現存,平7. 4. 1,歯,診療所,,,,,,,,,,,,,,

327.0,09 / 関歯71,3071.0,0.0,小家歯科医院,〒029－0803,一関市千厩町千厩字北方８０番地３号,0191-52-3266 / 移動 / 令4. 4. 5,小家　雅幸,小家　雅幸 / 現存,平16. 4. 5,歯,診療所,,,,,,,,,,,,,,

328.0,09 / 関歯72,3072.0,8.0,吉田歯科クリニック,〒029－1111,一関市千厩町奥玉字中日向２０１番地２,0191-51-2348 / 新規 / 令5. 9. 1,吉田　文和,吉田　文和 / 現存,平17. 5. 2,歯　小歯　矯歯,診療所,,,,,,,,,,,,,,

329.0,09 / 関歯74,3074.0,4.0,しばじゅく歯科,〒029－0302,一関市東山町長坂字柴宿１６番地６０,0191-47-3390 / 新規 / 令4. 8. 1,伊藤　伸也,伊藤　伸也 / 現存,昭61. 8. 1,歯,診療所,,,,,,,,,,,,,,

330.0,09 / 関歯75,3075.0,1.0,三浦歯科医院,〒029－0303,一関市東山町松川字台１２２番地２,0191-48-2032 / 新規 / 令4. 9. 1,三浦　康弘,三浦　康弘 / 現存,平4. 9. 1,歯　小歯,診療所,,,,,,,,,,,,,,

331.0,09 / 関歯76,3076.0,9.0,一関市国民健康保険室根歯科診療所,〒029－1201,一関市室根町折壁字八幡沖１１７番地,0191-64-2133 / 移動 / 令6. 4. 1,一関市長　佐藤　善仁,村上　智彦 / 現存,平12. 4. 1,歯,診療所,,,,,,,,,,,,,,

332.0,09 / 関歯80,3080.0,1.0,医療法人社団育成会　中央歯科クリニック,〒029－3101,一関市花泉町花泉字郷ノ里５７番地,0191-82-5959 / 組織変更 / 令6. 2. 1,医療法人社団育成会　理事長　佐藤　奨,佐藤　奨 / 現存,平18. 2. 1,歯　矯歯　小歯　歯外,診療所,,,,,,,,,,,,,,

333.0,09 / 関歯82,3082.0,7.0,馬場歯科医院,〒021－0892,一関市東地主町４５番地,0191-23-2537 / 交代 / 令6. 6. 4,馬場　としえ,馬場　としえ / 現存,平18. 6. 4,歯,診療所,,,,,,,,,,,,,,

334.0,09 / 関歯84,3084.0,3.0,さくら歯科,〒021－0901,一関市真柴字矢ノ目沢６４番地１７３,0191-23-9007 / 新規 / 令7. 3. 1,橋本　幸徳,橋本　幸徳 / 現存,平19. 3. 1,歯,診療所,,,,,,,,,,,,,,

335.0,09 / 関歯86,3086.0,8.0,佐藤歯科医院,〒029－0523,一関市大東町摺沢字礼田１７番地１号,0191-71-1488 / 移動 / 令3. 8. 27,佐藤　博幸,佐藤　博幸 / 現存,平21. 8. 27,歯　小歯,診療所,,,,,,,,,,,,,,

336.0,09 / 関歯88,3088.0,4.0,橋本歯科医院,〒021－0008,一関市石畑二丁目３番地,0191-21-2360 / 交代 / 令4. 5. 27,橋本　和彦,橋本　和彦 / 現存,平22. 5. 27,歯　小歯,診療所,,,,,,,,,,,,,,

337.0,09 / 関歯89,3089.0,2.0,ふじさわ歯科,〒029－3404,一関市藤沢町徳田字赤庭６６番地２,0191-63-5200 / 新規 / 令4. 9. 9,菊池　光博,菊池　光博 / 現存,平4. 9. 9,歯,診療所,,,,,,,,,,,,,,

338.0,09 / 関歯101,3101.0,5.0,近江歯科医院,〒021－0884,一関市大手町２番５号,0191-23-2252 / 交代 / 令5. 9. 17,近江　健司,近江　健司 / 現存,平23. 9. 17,歯　矯歯,診療所,,,,,,,,,,,,,,

339.0,09 / 関歯102,3102.0,3.0,小野寺歯科医院,〒021－0893,一関市地主町２番２０号,0191-23-2508 / 交代 / 令6. 11. 1,小野寺　大,小野寺　大 / 現存,平24. 11. 1,歯　小歯　歯外,診療所,,,,,,,,,,,,,,

340.0,09 / 関歯103,3103.0,1.0,ホンダ歯科クリニック,〒021－0035,一関市山目字才天１３６－５,0191-48-4280 / 新規 / 令元. 7. 1,本田　徹,本田　徹 / 現存,平25. 7. 1,歯　小歯　歯外,診療所,,,,,,,,,,,,,,

341.0,09 / 関歯105,3105.0,6.0,えんどう歯科クリニック,〒029－0803,一関市千厩町千厩字町浦１５番地３,0191-48-4148 / 新規 / 令3. 12. 21,遠藤　塁,遠藤　塁 / 現存,平27. 12. 21,歯　小歯　歯外　矯歯,診療所,,,,,,,,,,,,,,

342.0,09 / 関歯106,3106.0,4.0,熊谷歯科医院,〒029－0523,一関市大東町摺沢字新右エ門土手６番地３,0191-75-4618 / 移動 / 令4. 6. 1,熊谷　博伸,熊谷　博伸 / 現存,平28. 6. 1,歯,診療所,,,,,,,,,,,,,,

343.0,09 / 関歯107,3107.0,2.0,ほそい歯科クリニック,〒021－0883,一関市新大町１３２,0191-23-6480 / 新規 / 令元. 9. 2,細井　隆夫,細井　隆夫 / 現存,令元. 9. 2,歯　小歯　歯外,診療所,,,,,,,,,,,,,,

344.0,09 / 関歯108,3108.0,0.0,ちば歯科クリニック,〒021－0032,一関市末広二丁目２－１０,0191-48-4184 / 新規 / 令2. 6. 2,千葉　航,千葉　航 / 現存,令2. 6. 2,歯　小歯　歯外,診療所,,,,,,,,,,,,,,

345.0,09 / 関歯109,3109.0,8.0,サイトウデンタルケア,〒021－0013,一関市宮下町１２番１４号,0191-48-4610 / 新規 / 令4. 7. 28,齊藤　晃也,齊藤　晃也 / 現存,令4. 7. 28,歯　小歯　歯外,診療所,,,,,,,,,,,,,,

346.0,09 / 関歯110,3110.0,6.0,くぼた矯正歯科クリニック,〒021－0873,一関市台町１０番６号,0191-26-7777 / 組織変更 / 令4. 10. 1,医療法人俊華会　理事長　久保田　宗次,久保田　宗次 / 現存,令4. 10. 1,矯歯　小歯　歯,診療所,,,,,,,,,,,,,,

347.0,09 / 関歯111,3111.0,4.0,あおぞら歯科,〒029－0131,一関市狐禅寺石ノ瀬１１番地１イオンスーパーセンター一ノ関店,0191-31-4471 / 新規 / 令4. 10. 1,室星　賀一,室星　賀一 / 現存,令4. 10. 1,歯　小歯　矯歯　歯外,診療所,,,,,,,,,,,,,,

348.0,09 / 関歯112,3112.0,2.0,かわさき歯科診療所,〒029－0202,一関市川崎町薄衣町裏５番地１,0191-43-4330 / 新規 / 令5. 8. 1,三浦　完爾,三浦　完爾 / 現存,令5. 8. 1,歯　歯外　小歯,診療所,,,,,,,,,,,,,,

349.0,09 / 関歯113,3113.0,0.0,ななデンタルクリニック,〒029－0523,一関市大東町摺沢字沼田１７番地１２,0191-34-7137 / 新規 / 令6. 7. 4,吉田　奈々,吉田　奈々 / 現存,令6. 7. 4,歯　小歯　歯外,診療所,,,,,,,,,,,,,,

350.0,09 / 関歯114,3114.0,8.0,久保田歯科医院,〒021－0882,一関市上大槻街４－４５タケモトマンション１階,0191-23-2294 / 移動 / 令7. 4. 11,久保田　文吾,久保田　文吾 / 現存,令7. 4. 11,歯　矯歯,診療所,,,,,,,,,,,,,,

351.0,10 / 高歯20,3020.0,5.0,吉田歯科医院,〒029－2205,陸前高田市高田町字鳴石２２番地９,0192-54-4566 / 移動 / 令6. 4. 9,吉田　正紀,吉田　正紀 / 現存,平24. 4. 9,歯,診療所,,,,,,,,,,,,,,

352.0,10 / 高歯21,3021.0,3.0,平成歯科医院,〒029－2205,陸前高田市高田町字栃ケ沢３２番地,0192-55-2800 / 移動 / 令6. 5. 1,村上　恵一,村上　恵一 / 現存,平24. 5. 1,歯,診療所,,,,,,,,,,,,,,

353.0,10 / 高歯22,3022.0,1.0,広田歯科医院,〒029－2206,陸前高田市米崎町字川崎３０番地１,0192-47-3393 / 移動 / 令6. 8. 1,大和田　剛史,大和田　剛史 / 現存,平24. 8. 1,歯　歯外,診療所,,,,,,,,,,,,,,

354.0,10 / 高歯23,3023.0,9.0,むらかみ歯科医院,〒029－2203,陸前高田市竹駒町字相川４９－８,0192-55-5150 / 新規 / 令元. 7. 1,村上　加奈,村上　加奈 / 現存,平25. 7. 1,歯,診療所,,,,,,,,,,,,,,

355.0,10 / 高歯24,3024.0,7.0,きかわだ歯科クリニック,〒029－2207,陸前高田市小友町字沢辺８番地,0192-57-1188 / 組織変更 / 令元. 8. 1,医療法人ａ．ｄ．ｏ．　理事長　黄川田　康人,黄川田　康人 / 現存,平25. 8. 1,歯　矯歯,診療所,,,,,,,,,,,,,,

356.0,10 / 高歯25,3025.0,4.0,たかた歯科医院,〒029－2201,陸前高田市矢作町字寺前１５－２,0192-55-5011 / 移動 / 令元. 12. 3,吉田　裕,吉田　裕 / 現存,平25. 12. 3,歯,診療所,,,,,,,,,,,,,,

357.0,10 / 高歯26,3026.0,2.0,気仙歯科クリニック,〒029－2206,陸前高田市米崎町字地竹沢４３－１,0192-55-3238 / 移動 / 令2. 11. 1,馬場　智,馬場　智 / 現存,平26. 11. 1,歯,診療所,,,,,,,,,,,,,,

358.0,11 / 釜歯25,3025.0,2.0,平松歯科医院,〒026－0054,釜石市野田町二丁目２１番１５号,0193-25-0315 / 新規 / 令4. 1. 8,平松　浩,平松　浩 / 現存,平7. 1. 8,歯,診療所,,,,,,,,,,,,,,

359.0,11 / 釜歯27,3027.0,8.0,やえがし歯科医院,〒026－0001,釜石市大字平田第５地割１２番３８号,0193-36-1182 / 新規 / 令5. 9. 1,八重樫　祐成,八重樫　祐成 / 現存,平8. 7. 1,歯　矯歯　小歯,診療所,,,,,,,,,,,,,,

360.0,11 / 釜歯28,3028.0,6.0,山崎歯科クリニック,〒026－0034,釜石市中妻町二丁目１５番３号,0193-23-1111 / 交代 / 令4. 3. 6,医療法人　周凜会　理事長　山崎　薫子,山崎　薫子 / 現存,平10. 3. 6,歯,診療所,,,,,,,,,,,,,,

361.0,11 / 釜歯38,3038.0,5.0,遠刕歯科医院,〒026－0034,釜石市中妻町三丁目６番２８号,0193-23-5478 / 交代 / 令6. 2. 4,遠刕　秀則,遠刕　秀則 / 現存,平24. 2. 4,歯,診療所,,,,,,,,,,,,,,

362.0,11 / 釜歯40,3040.0,1.0,三浦歯科クリニック,〒026－0001,釜石市平田３－２９－９,0193-55-6480 / 移動 / 令元. 9. 4,三浦　孝,三浦　孝 / 現存,平25. 9. 4,歯　矯歯　小歯,診療所,,,,,,,,,,,,,,

363.0,11 / 釜歯41,3041.0,9.0,おいかわ歯科医院,〒026－0011,釜石市港町２丁目１番１号イオンタウン釜石３Ｆ,0193-22-5800 / 移動 / 令2. 3. 12,及川　陽次,及川　陽次 / 現存,平26. 3. 12,歯,診療所,,,,,,,,,,,,,,

364.0,11 / 釜歯45,3045.0,0.0,鈴木歯科医院,〒026－0034,釜石市中妻町３丁目７番１０号,0193-23-5908 / 組織変更 / 令6. 4. 1,医療法人　鈴木歯科医院　理事長　鈴木　勝,鈴木　勝 / 現存,平30. 4. 1,歯　矯歯,診療所,,,,,,,,,,,,,,

365.0,11 / 釜歯46,3046.0,8.0,早﨑歯科医院,〒026－0301,釜石市鵜住居町４丁目８０６番地,0193-28-2311 / 移動 / 令6. 5. 1,早﨑　行雄,早﨑　行雄 / 現存,平30. 5. 1,歯　歯外　小歯,診療所,,,,,,,,,,,,,,

366.0,11 / 釜歯47,3047.0,6.0,釜石ひまわり歯科クリニック,〒026－0024,釜石市大町１丁目４番２２号フェアリーコート釜石中央１Ｆ,0193-22-4182 / 移動 / 令6. 10. 1,医療法人社団清優会　理事長　清原　士朗,清原　士朗 / 現存,平30. 10. 1,歯　矯歯　小歯,診療所,,,,,,,,,,,,,,

367.0,11 / 釜歯048,3048.0,4.0,歯科福成医院,〒026－0043,釜石市新町５番１５号,0193-25-0105 / 交代 / 令2. 9. 1,医療法人真星会　理事長　福成　玄,福成　和幸 / 現存,令2. 9. 1,歯　小歯,診療所,,,,,,,,,,,,,,

368.0,11 / 釜歯049,3049.0,2.0,かっし歯科医院,〒026－0055,釜石市甲子町第１０地割１番地１０,0193-25-2785 / 交代 / 令4. 1. 1,藤井　哲明,藤井　哲明 / 現存,令4. 1. 1,歯　矯歯,診療所,,,,,,,,,,,,,,

369.0,11 / 釜歯051,3051.0,8.0,医療法人社団真桜会　ささき歯科医院,〒026－0301,釜石市鵜住居町一丁目７０３番地,0193-29-1222 / 組織変更 / 令4. 9. 1,医療法人社団　真桜会　理事長　佐々木　憲一郎,佐々木　憲一郎 / 現存,令4. 9. 1,歯　矯歯　小歯,診療所,,,,,,,,,,,,,,

370.0,11 / 釜歯053,3053.0,4.0,工藤歯科クリニック,〒026－0024,釜石市大町３丁目１番３５号,0193-22-6480 / 交代 / 令6. 5. 20,工藤　一貴,工藤　一貴 / 現存,令6. 5. 20,歯,診療所,,,,,,,,,,,,,,

371.0,11 / 釜歯054,3054.0,2.0,かっし歯科医院,〒026－0055,釜石市甲子町第１０地割１番地１０号,019-325-2785 / 組織変更 / 令7. 4. 1,医療法人社団慈敬会　理事長　藤井　純,藤井　純 / 現存,令7. 4. 1,歯,病院,,,,,,,,,,,,,,

372.0,11 / 釜歯055,3055.0,9.0,藤井デンタルクリニック,〒026－0021,釜石市只越町３丁目５番地１５号,019-327-8841 / 組織変更 / 令7. 4. 1,医療法人社団慈敬会　理事長　藤井　純,近藤　央樹 / 現存,令7. 4. 1,歯,診療所,,,,,,,,,,,,,,

373.0,13 / 二歯7,3007.0,6.0,窪島歯科医院,〒028－6101,二戸市福岡字長嶺５５番地４,0195-23-2425 / 新規 / 令6. 11. 7,天日　常光,天日　常光 / 現存,昭45. 11. 7,歯,診療所,,,,,,,,,,,,,,

374.0,13 / 二歯12,3012.0,6.0,菅歯科,〒028－6101,二戸市福岡字橋場１８番地３,0195-23-5161 / 新規 / 令6. 8. 10,菅　弘志,菅　弘志 / 現存,昭57. 8. 10,歯,診療所,,,,,,,,,,,,,,

375.0,13 / 二歯15,3015.0,9.0,菅原歯科医院,〒028－5711,二戸市金田一字馬場１４７番地１,0195-27-3301 / 新規 / 令5. 9. 1,菅原　壽樹,菅原　壽樹 / 現存,昭62. 6. 3,歯,診療所,,,,,,,,,,,,,,

376.0,13 / 二歯18,3018.0,3.0,渡辺歯科医院,〒028－6105,二戸市堀野字長瀬２７番地２,0195-23-2052 / 移動 / 令6. 10. 3,渡　新悟,渡　新悟 / 現存,昭63. 10. 3,歯,診療所,,,,,,,,,,,,,,

377.0,13 / 二歯19,3019.0,1.0,国香歯科医院,〒028－6101,二戸市福岡字裏小路６番地,0195-23-2223 / 新規 / 令4. 4. 1,国香　雅彦,国香　雅彦 / 現存,平元. 4. 1,歯,診療所,,,,,,,,,,,,,,

378.0,13 / 二歯22,3022.0,5.0,沢藤歯科医院,〒028－6105,二戸市堀野字下タ川原７番地３,0195-25-4002 / 新規 / 令5. 10. 1,沢藤　太,沢藤　太 / 現存,平8. 10. 1,歯　小歯,診療所,,,,,,,,,,,,,,

379.0,13 / 二歯23,3023.0,3.0,曽根歯科医院,〒028－5711,二戸市金田一字野月２０２番地３,0195-27-3108 / 交代 / 令3. 12. 1,曽根　襄,曽根　襄 / 現存,平9. 12. 1,歯,診療所,,,,,,,,,,,,,,

380.0,13 / 二歯24,3024.0,1.0,森川歯科医院,〒028－6105,二戸市堀野字大畑３２番地１,0195-23-6361 / 組織変更 / 令3. 8. 1,医療法人陌仁会　理事長　森川　伸彦,森川　伸彦 / 現存,平15. 8. 1,歯　矯歯　小歯　歯外,診療所,,,,,,,,,,,,,,

381.0,13 / 二歯25,3025.0,8.0,國香歯科医院,〒028－6103,二戸市石切所字川原６０番地３,0195-23-2764 / 交代 / 令4. 4. 1,國香　智彦,國香　智彦 / 現存,平16. 4. 1,歯,診療所,,,,,,,,,,,,,,

382.0,13 / 二歯26,3026.0,6.0,関　歯科医院,〒028－6855,二戸市浄法寺町浄法寺３番地１,0195-38-2937 / 交代 / 令4. 9. 14,関　由貴夫,関　由貴夫 / 現存,平7. 9. 14,歯,診療所,,,,,,,,,,,,,,

383.0,13 / 二歯27,3027.0,4.0,右門歯科クリニック,〒028－6852,二戸市浄法寺町樋田３８番地２,0195-38-2288 / 新規 / 令4. 12. 6,小田島　右門,小田島　右門 / 現存,平7. 12. 6,歯　小歯　矯歯　歯外,診療所,,,,,,,,,,,,,,

384.0,13 / 二歯030,3030.0,8.0,医療法人　桜歩会　ますだ歯科クリニック,〒028－6103,二戸市石切所字荷渡２番地９,0195-26-8282 / 組織変更 / 令5. 10. 1,医療法人　桜歩会　理事長　桝田　俊之,桝田　俊之 / 現存,令5. 10. 1,歯　小歯　歯外,診療所,,,,,,,,,,,,,,

385.0,13 / 二歯031,3031.0,6.0,みさわ歯科医院,〒028－6103,二戸市石切所字前小路１番地５,0195-43-3115 / 組織変更 / 令6. 9. 1,医療法人ＭＤＯ　理事長　三澤　孝佳,三澤　孝佳 / 現存,令6. 9. 1,歯　矯歯　小歯　歯外,診療所,,,,,,,,,,,,,,

386.0,14 / 八歯2,3002.0,5.0,前田歯科医院,〒028－7405,八幡平市平舘第９地割２３８番地１,0195-74-3545 / 新規 / 令5. 9. 1,前田　光義,前田　光義 / 現存,昭62. 8. 6,歯,診療所,,,,,,,,,,,,,,

387.0,14 / 八歯3,3003.0,3.0,一戸歯科クリニック,〒028－7111,八幡平市大更第２４地割３０番地,0195-75-1411 / 新規 / 令6. 4. 5,一戸　晃,一戸　晃 / 現存,平9. 4. 5,歯,診療所,,,,,,,,,,,,,,

388.0,14 / 八歯4,3004.0,1.0,岡田歯科医院,〒028－7111,八幡平市大更２５地割１１７番地２,0195-76-3613 / 交代 / 令6. 5. 1,岡田　喜明,岡田　喜明 / 現存,平9. 5. 1,歯　小歯　歯外,診療所,,,,,,,,,,,,,,

389.0,14 / 八歯6,3006.0,6.0,山口歯科医院,〒028－7111,八幡平市大更第３５地割６３番地４４,0195-75-1166 / 組織変更 / 令4. 12. 1,医療法人貴成会　理事長　山口　一成,山口　一成 / 現存,平10. 12. 1,歯　小歯　歯外　矯歯,診療所,,,,,,,,,,,,,,

390.0,14 / 八歯9,3009.0,0.0,小原歯科医院,〒028－7535,八幡平市清水９０番地２,0195-72-2464 / 新規 / 令4. 5. 1,小原　幸雄,小原　幸雄 / 現存,昭61. 5. 1,歯,診療所,,,,,,,,,,,,,,

391.0,14 / 八歯10,3010.0,8.0,アオキ歯科医院,〒028－7534,八幡平市荒屋新町１０９番地,0195-72-3372 / 新規 / 令6. 10. 3,青木　修治,青木　修治 / 現存,平6. 10. 3,歯,診療所,,,,,,,,,,,,,,

392.0,14 / 八歯13,3013.0,2.0,佐藤歯科医院,〒028－7111,八幡平市大更２２地割１６２番地,0195-76-2154 / 交代 / 令元. 8. 21,佐藤　史尚,佐藤　史尚 / 現存,平19. 8. 21,歯　矯歯　小歯　歯外,診療所,,,,,,,,,,,,,,

393.0,14 / 八歯14,3014.0,0.0,たかしま歯科医院,〒028－7111,八幡平市大更第１８地割８８番地９６,0195-76-4182 / 移動 / 令3. 6. 6,髙嶋　勉,高嶋　勉 / 現存,平27. 6. 6,歯　小歯,診療所,,,,,,,,,,,,,,

394.0,15 / 奥歯6,3006.0,3.0,小野田歯科医院,〒023－0053,奥州市水沢大手町五丁目５０番地,0197-23-2246 / 新規 / 令4. 3. 20,小野田　睦夫,小野田　睦夫 / 現存,昭49. 3. 20,歯,診療所,,,,,,,,,,,,,,

395.0,15 / 奥歯8,3008.0,9.0,三浦歯科医院,〒023－0041,奥州市水沢秋葉町１４０番地,0197-24-9229 / 新規 / 令5. 2. 1,三浦　滋,三浦　滋 / 現存,昭50. 2. 1,歯　矯歯　小歯　歯外,診療所,,,,,,,,,,,,,,

396.0,15 / 奥歯9,3009.0,7.0,佐藤歯科医院,〒023－0045,奥州市水沢字大町１７１番地,0197-23-2633 / 新規 / 令6. 2. 1,佐藤　正俊,佐藤　正俊 / 現存,昭51. 2. 1,歯　小歯,診療所,,,,,,,,,,,,,,

397.0,15 / 奥歯11,3011.0,3.0,大松沢歯科医院,〒023－0802,奥州市水沢大畑小路５番地２,0197-25-5711 / 新規 / 令4. 8. 1,大松沢　信之,大松沢　信之 / 現存,昭52. 8. 1,歯,診療所,,,,,,,,,,,,,,

398.0,15 / 奥歯16,3016.0,2.0,森岡歯科診療所,〒023－0829,奥州市水沢花園町一丁目２番１１号,0197-23-6480 / 新規 / 令3. 12. 18,森岡　範之,森岡　範之 / 現存,昭60. 12. 18,歯　矯歯,診療所,,,,,,,,,,,,,,

399.0,15 / 奥歯17,3017.0,0.0,小野歯科医院,〒023－0806,奥州市水沢日高西６５番地１,0197-25-7890 / 新規 / 令4. 6. 25,小野　章宏,小野　章宏 / 現存,昭61. 6. 25,歯　小歯,診療所,,,,,,,,,,,,,,

400.0,15 / 奥歯20,3020.0,4.0,こだま歯科クリニック,〒023－0103,奥州市水沢羽田町駅南一丁目１３８番地２,0197-23-4181 / 新規 / 令5. 9. 1,古玉　芳豊,古玉　芳豊 / 現存,昭62. 6. 1,歯,診療所,,,,,,,,,,,,,,

401.0,15 / 奥歯23,3023.0,8.0,ときわ歯科医院,〒023－0828,奥州市水沢東大通り二丁目１番４号,0197-25-8148 / 新規 / 令5. 11. 14,佐藤　仁哉,佐藤　仁哉 / 現存,平2. 11. 14,歯,診療所,,,,,,,,,,,,,,

402.0,15 / 奥歯30,3030.0,3.0,白石歯科医院,〒023－0825,奥州市水沢台町６番２４号,0197-51-1622 / 新規 / 令6. 10. 11,白石　明,白石　明 / 現存,平9. 10. 11,歯　小歯　矯歯,診療所,,,,,,,,,,,,,,

403.0,15 / 奥歯31,3031.0,1.0,日高歯科医院,〒023－0056,奥州市水沢字久田２２番地１５,0197-22-5330 / 新規 / 令4. 1. 19,三浦　隆司,三浦　隆司 / 現存,平10. 1. 19,歯　小歯,診療所,,,,,,,,,,,,,,

404.0,15 / 奥歯32,3032.0,9.0,神尾歯科クリニック,〒023－0833,奥州市水沢上姉体二丁目５番地１,0197-28-1182 / 新規 / 令4. 4. 25,神尾　雅彦,神尾　雅彦 / 現存,平10. 4. 25,歯　矯歯　小歯,診療所,,,,,,,,,,,,,,

405.0,15 / 奥歯35,3035.0,2.0,箱崎歯科医院,〒023－0807,奥州市水沢字新小路１０番地,0197-23-4070 / 移動 / 令6. 11. 1,箱崎　浩介,箱崎　浩介 / 現存,平12. 11. 1,歯　小歯,診療所,,,,,,,,,,,,,,

406.0,15 / 奥歯36,3036.0,0.0,北大通歯科医院,〒023－0031,奥州市水沢北丑沢２７番地２,0197-51-9293 / 新規 / 令元. 8. 7,佐々木　武治,佐々木　武治 / 現存,平13. 8. 7,歯　小歯,診療所,,,,,,,,,,,,,,

407.0,15 / 奥歯37,3037.0,8.0,さくらかわ歯科診療所,〒023－0003,奥州市水沢佐倉河字東高山２１１番地,0197-51-9030 / 新規 / 令2. 8. 2,添野　一樹,添野　一樹 / 現存,平14. 8. 2,歯,診療所,,,,,,,,,,,,,,

408.0,15 / 奥歯38,3038.0,6.0,大手町歯科医院,〒023－0053,奥州市水沢大手町五丁目１番地,0197-51-8820 / 新規 / 令4. 10. 14,高橋　元,高橋　元 / 現存,平16. 10. 14,歯　小歯,診療所,,,,,,,,,,,,,,

409.0,15 / 奥歯42,3042.0,8.0,アヤノ歯科医院,〒023－1111,奥州市江刺大通り５番２６号,0197-35-2820 / 交代 / 令3. 12. 1,綾野　輝也,綾野　輝也 / 現存,昭63. 12. 1,歯,診療所,,,,,,,,,,,,,,

410.0,15 / 奥歯44,3044.0,4.0,佐々木歯科医院,〒023－1103,奥州市江刺西大通り９番１４号,0197-31-1313 / 新規 / 令4. 10. 2,佐々木　一慶,佐々木　一慶 / 現存,平10. 10. 2,歯,診療所,,,,,,,,,,,,,,

411.0,15 / 奥歯45,3045.0,1.0,すずき歯科クリニック,〒023－1104,奥州市江刺豊田町二丁目５番１９号,0197-31-1811 / 新規 / 令7. 4. 9,鈴木　和彦,鈴木　和彦 / 現存,平13. 4. 9,歯　小歯,診療所,,,,,,,,,,,,,,

412.0,15 / 奥歯46,3046.0,9.0,はたけやま歯科,〒023－1104,奥州市江刺豊田町三丁目１番２６号,0197-35-8811 / 新規 / 令5. 9. 1,畠山　英規,畠山　英規 / 現存,平17. 5. 24,歯,診療所,,,,,,,,,,,,,,

413.0,15 / 奥歯48,3048.0,5.0,津田歯科医院,〒029－4207,奥州市前沢字三日町新裏１３１番地,0197-56-6480 / 新規 / 令6. 7. 1,津田　京子,津田　京子 / 現存,昭60. 7. 1,歯,診療所,,,,,,,,,,,,,,

414.0,15 / 奥歯49,3049.0,3.0,たかはし歯科医院,〒029－4207,奥州市前沢平小路２８番地９,0197-56-3333 / 新規 / 令5. 9. 1,高橋　晃彦,高橋　晃彦 / 現存,平2. 5. 14,歯　小歯,診療所,,,,,,,,,,,,,,

415.0,15 / 奥歯50,3050.0,1.0,大石歯科医院,〒029－4207,奥州市前沢字三日町６０番地２,0197-41-3711 / 新規 / 令2. 10. 1,大石　治,大石　治 / 現存,平14. 10. 1,歯　小歯,診療所,,,,,,,,,,,,,,

416.0,15 / 奥歯51,3051.0,9.0,ちだ歯科,〒029－4211,奥州市前沢駅東三丁目１番地７,0197-41-3322 / 組織変更 / 令5. 9. 1,医療法人ちだ歯科　理事長　千田　太山,千田　太山 / 現存,平17. 4. 1,歯　矯歯,診療所,,,,,,,,,,,,,,

417.0,15 / 奥歯52,3052.0,7.0,さくらば歯科医院,〒023－0402,奥州市胆沢小山字峠１１７番地１,0197-47-2033 / 新規 / 令6. 11. 1,櫻庭　寿,櫻庭　寿 / 現存,平6. 11. 1,歯　矯歯　小歯,診療所,,,,,,,,,,,,,,

418.0,15 / 奥歯54,3054.0,3.0,あべ歯科医院,〒023－0402,奥州市胆沢小山字尼沼３８番地１８,0197-22-8522 / 新規 / 令6. 10. 1,安部　道,安部　道 / 現存,平9. 10. 1,歯　小歯,診療所,,,,,,,,,,,,,,

419.0,15 / 奥歯55,3055.0,0.0,奥州市国民健康保険衣川歯科診療所,〒029－4332,奥州市衣川古戸５２番地,0197-52-3062 / 移動 / 令4. 11. 1,奥州市長　倉成　淳,佐々木　健 / 現存,平10. 11. 1,歯　小歯,診療所,,,,,,,,,,,,,,

420.0,15 / 奥歯56,3056.0,8.0,いとう矯正歯科クリニック,〒023－0865,奥州市水沢字桜屋敷７０１番地,0197-51-7775 / 新規 / 令6. 3. 25,伊東　利晃,伊東　利晃 / 現存,平18. 3. 25,矯歯　小歯,診療所,,,,,,,,,,,,,,

421.0,15 / 奥歯57,3057.0,6.0,ちば歯科医院,〒023－0865,奥州市水沢字桜屋敷４２０番地,0197-51-1300 / 組織変更 / 令7. 3. 1,医療法人百成会　理事長　千葉　雅之,千葉　雅之 / 現存,平19. 3. 1,歯　矯歯　小歯,診療所,,,,,,,,,,,,,,

422.0,15 / 奥歯58,3058.0,4.0,まえだ歯科クリニック,〒023－1104,奥州市江刺豊田町一丁目１３番１号,0197-36-9100 / 新規 / 令元. 9. 4,前田　誠一郎,前田　誠一郎 / 現存,平19. 9. 4,歯　小歯,診療所,,,,,,,,,,,,,,

423.0,15 / 奥歯59,3059.0,2.0,中村歯科クリニック,〒023－0851,奥州市水沢南町６番３号,0197-22-2365 / 移動 / 令元. 11. 1,佐藤　信春,佐藤　信春 / 現存,平19. 11. 1,歯,診療所,,,,,,,,,,,,,,

424.0,15 / 奥歯61,3061.0,8.0,なつた歯科医院,〒023－0401,奥州市胆沢南都田字宇南田１６４番地１,0197-46-4710 / 新規 / 令5. 10. 1,鶴田　摂,鶴田　摂 / 現存,平23. 10. 1,歯　矯歯　小歯,診療所,,,,,,,,,,,,,,

425.0,15 / 奥歯62,3062.0,6.0,高野歯科クリニック,〒023－0804,奥州市水沢谷地明円３７番地７,0197-23-2488 / 交代 / 令6. 4. 2,高野　玄,高野　玄 / 現存,平24. 4. 2,歯　小歯,診療所,,,,,,,,,,,,,,

426.0,15 / 奥歯64,3064.0,2.0,あらきだ歯科クリニック,〒023－0813,奥州市水沢中町２３番９３号,0197-47-3323 / 新規 / 令6. 11. 13,荒木田　安弘,荒木田　安弘 / 現存,平24. 11. 13,歯　小歯,診療所,,,,,,,,,,,,,,

427.0,15 / 奥歯65,3065.0,9.0,油井歯科医院,〒023－0814,奥州市水沢袋町２番２１号,0197-25-7422 / 移動 / 令7. 1. 4,油井　孝雄,油井　孝雄 / 現存,平25. 1. 4,歯,診療所,,,,,,,,,,,,,,

428.0,15 / 奥歯66,3066.0,7.0,石川歯科医院,〒023－0802,奥州市水沢字大畑小路１２番地イ号,0197-47-3477 / 新規 / 令7. 1. 8,石川　潤一,石川　潤一 / 現存,平25. 1. 8,歯,診療所,,,,,,,,,,,,,,

429.0,15 / 奥歯67,3067.0,5.0,村上歯科医院,〒023－0044,奥州市水沢字三本木７番,0197-23-5770 / 移動 / 令7. 3. 1,村上　直美,村上　直美 / 現存,平25. 3. 1,歯,診療所,,,,,,,,,,,,,,

430.0,15 / 奥歯68,3068.0,3.0,たかさき歯科,〒029－4208,奥州市前沢字竹沢１８８番１,0197-47-4182 / 新規 / 令元. 11. 29,髙﨑　健治,髙﨑　健治 / 現存,平25. 11. 29,歯　小歯　歯外,診療所,,,,,,,,,,,,,,

431.0,15 / 奥歯70,3070.0,9.0,なかじま歯科クリニック,〒023－0025,奥州市水沢高網２５,0197-51-7797 / 組織変更 / 令3. 3. 1,医療法人なかじま歯科クリニック　理事長　中島　浩,中島　浩 / 現存,平27. 3. 1,歯　歯外,診療所,,,,,,,,,,,,,,

432.0,15 / 奥歯71,3071.0,7.0,じゅん歯科クリニック,〒023－0872,奥州市水沢字桜屋敷西２０２番地１,0197-51-2118 / 新規 / 令3. 9. 1,熊谷　順也,熊谷　順也 / 現存,平27. 9. 1,歯　小歯　矯歯　歯外,診療所,,,,,,,,,,,,,,

433.0,15 / 奥歯72,3072.0,5.0,ほうざわ歯科,〒023－0003,奥州市水沢佐倉河字羽黒田２番地５,0197-25-3272 / 組織変更 / 令4. 3. 1,医療法人　カズデンタルオフィス　理事長　朴沢　一成,朴沢　一成 / 現存,平28. 3. 1,歯　矯歯,診療所,,,,,,,,,,,,,,

434.0,15 / 奥歯73,3073.0,3.0,中田町歯科医院,〒023－0826,奥州市水沢中田町３番２９号,0197-23-3415 / 組織変更 / 令4. 10. 1,医療法人　康和会　理事長　朴澤　弘康,朴澤　弘康 / 現存,平28. 10. 1,歯　矯歯　小歯,診療所,,,,,,,,,,,,,,

435.0,15 / 奥歯075,3075.0,8.0,おぐま歯科医院,〒023－1112,奥州市江刺南大通り６番２７号,0197-35-4184 / 組織変更 / 令7. 4. 1,医療法人社団ＨＭＡ　理事長　小熊　秀佳,小熊　秀佳 / 現存,平31. 4. 1,歯,診療所,,,,,,,,,,,,,,

436.0,15 / 奥歯076,3076.0,6.0,フォレスト歯科クリニック,〒023－0829,奥州市水沢花園町１丁目２番１６号,0197-34-3536 / 新規 / 令3. 4. 1,森岡　彬,森岡　彬 / 現存,令3. 4. 1,歯　矯歯,診療所,,,,,,,,,,,,,,

437.0,15 / 奥歯077,3077.0,4.0,吉田歯科クリニック,〒023－1103,奥州市江刺西大通り４番１３号,0197-35-1182 / 交代 / 令3. 11. 1,吉田　智哉,吉田　智哉 / 現存,令3. 11. 1,歯,診療所,,,,,,,,,,,,,,

438.0,15 / 奥歯078,3078.0,2.0,ハルデンタルクリニック,〒023－0806,奥州市水沢字日高西６０番地１,0197-34-2180 / 新規 / 令5. 6. 20,武田　春輔,武田　春輔 / 現存,令5. 6. 20,歯　歯外　矯歯　小歯,診療所,,,,,,,,,,,,,,

439.0,15 / 奥歯079,3079.0,0.0,ささき歯科医院,〒023－0042,奥州市水沢柳町７番地,0197-24-5418 / 交代 / 令6. 4. 1,佐々木　俊,佐々木　俊 / 現存,令6. 4. 1,歯　小歯　矯歯,診療所,,,,,,,,,,,,,,

440.0,15 / 奥歯080,3080.0,8.0,八重樫歯科医院,〒023－0814,奥州市水沢袋町１番２９号,0197-23-5226 / 交代 / 令6. 4. 16,八重樫　史子,八重樫　史子 / 現存,令6. 4. 16,歯,診療所,,,,,,,,,,,,,,

441.0,15 / 奥歯081,3081.0,6.0,関根歯科医院,〒023－1103,奥州市江刺西大通り３番９号,0197-35-6161 / 移動 / 令6. 5. 15,関根　貴仁,関根　貴仁 / 現存,令6. 5. 15,歯,診療所,,,,,,,,,,,,,,

442.0,16 / 滝歯2,3002.0,0.0,八幡歯科医院,〒020－0668,滝沢市鵜飼狐洞１番地８９,019-687-3462 / 新規 / 令6. 4. 1,杉山　ちか子,杉山　ちか子 / 現存,昭57. 4. 1,歯　小歯,診療所,,,,,,,,,,,,,,

443.0,16 / 滝歯4,3004.0,6.0,三浦歯科医院,〒020－0611,滝沢市巣子１１８８番地４１,019-688-2084 / 新規 / 令5. 12. 1,三浦　幹也,三浦　幹也 / 現存,昭59. 12. 1,歯,診療所,,,,,,,,,,,,,,

444.0,16 / 滝歯5,3005.0,3.0,南舘歯科・小児歯科医院,〒020－0638,滝沢市土沢３０８番地１,019-684-5525 / 新規 / 令6. 7. 20,南舘　祐二,南舘　祐二 / 現存,昭60. 7. 20,歯　小歯,診療所,,,,,,,,,,,,,,

445.0,16 / 滝歯7,3007.0,9.0,ひらの歯科医院,〒020－0633,滝沢市穴口５７番地４７,019-641-8282 / 新規 / 令4. 7. 20,平野　隆,平野　隆 / 現存,平元. 7. 20,歯　矯歯　小歯,診療所,,,,,,,,,,,,,,

446.0,16 / 滝歯8,3008.0,7.0,たきざわ駅前歯科医院,〒020－0621,滝沢市大崎２６１番地１０,019-688-5580 / 新規 / 令4. 10. 2,南部　淑文,南部　淑文 / 現存,平元. 10. 2,歯　矯歯　小歯　歯外,診療所,,,,,,,,,,,,,,

447.0,16 / 滝歯9,3009.0,5.0,たかせ歯科医院,〒020－0633,滝沢市穴口１８３番４号,019-646-1900 / 新規 / 令5. 9. 1,高瀨　眞二,高瀨　眞二 / 現存,平5. 4. 26,歯　矯歯　小歯,診療所,,,,,,,,,,,,,,

448.0,16 / 滝歯10,3010.0,3.0,笹嶋歯科医院,〒020－0675,滝沢市鵜飼滝向３番地１,019-687-5338 / 新規 / 令5. 9. 1,笹嶋　泉,笹嶋　泉 / 現存,平5. 8. 25,歯,診療所,,,,,,,,,,,,,,

449.0,16 / 滝歯11,3011.0,1.0,巣子歯科クリニック,〒020－0611,滝沢市巣子１５２３番地１,019-688-8855 / 新規 / 令4. 11. 1,攝待　友宏,攝待　友宏 / 現存,平7. 11. 1,歯　矯歯　小歯,診療所,,,,,,,,,,,,,,

450.0,16 / 滝歯12,3012.0,9.0,のざわ歯科医院,〒020－0622,滝沢市野沢６２番地１００３,019-688-7781 / 新規 / 令5. 9. 1,五木田　敏雅,五木田　敏雅 / 現存,平11. 5. 18,歯,診療所,,,,,,,,,,,,,,

451.0,16 / 滝歯13,3013.0,7.0,小岩井駅前歯科,〒020－0757,滝沢市大釜風林６１番地９７,019-691-9030 / 新規 / 令5. 12. 14,佐々木　隆人,佐々木　隆人 / 現存,平11. 12. 14,歯　小歯,診療所,,,,,,,,,,,,,,

452.0,16 / 滝歯14,3014.0,5.0,福士歯科医院,〒020－0633,滝沢市穴口３１４番地６,019-647-0418 / 移動 / 令6. 6. 12,福士　宏也,福士　宏也 / 現存,平12. 6. 12,歯　矯歯　小歯　歯外,診療所,,,,,,,,,,,,,,

453.0,16 / 滝歯16,3016.0,0.0,やまのかみ歯科医院,〒020－0654,滝沢市中鵜飼７９番地５,019-687-4778 / 新規 / 令7. 5. 7,高橋　一章,高橋　一章 / 現存,平13. 5. 7,歯　矯歯　小歯,診療所,,,,,,,,,,,,,,

454.0,16 / 滝歯17,3017.0,8.0,たかだ歯科クリニック,〒020－0627,滝沢市狼久保６８９番地６,019-694-1110 / 新規 / 令6. 3. 9,髙田　昌樹,髙田　昌樹 / 現存,平18. 3. 9,歯　小歯,診療所,,,,,,,,,,,,,,

455.0,16 / 滝歯18,3018.0,6.0,ゆとりが丘きくち歯科,〒020－0638,滝沢市土沢４７６番地３,019-687-5060 / 新規 / 令6. 5. 12,菊池　隆,菊池　隆 / 現存,平18. 5. 12,歯　小歯,診療所,,,,,,,,,,,,,,

456.0,16 / 滝歯19,3019.0,4.0,すこやか歯科こども歯科医院,〒020－0664,滝沢市鵜飼笹森７２番地２４,019-613-8841 / 新規 / 令6. 6. 27,駿河　由利子,駿河　由利子 / 現存,平18. 6. 27,小歯　歯,診療所,,,,,,,,,,,,,,

457.0,16 / 滝歯20,3020.0,2.0,ささき歯科クリニック,〒020－0668,滝沢市鵜飼狐洞１番地４５７,019-687-1110 / 新規 / 令元. 8. 6,佐々木　直光,佐々木　直光 / 現存,平19. 8. 6,歯　矯歯　小歯,診療所,,,,,,,,,,,,,,

458.0,16 / 滝歯21,3021.0,0.0,小豆嶋歯科クリニック,〒020－0603,滝沢市留が森３６２番地５,019-694-1155 / 新規 / 令6. 5. 7,小豆嶋　章,小豆嶋　章 / 現存,平24. 5. 7,歯　矯歯　小歯,診療所,,,,,,,,,,,,,,

459.0,16 / 滝歯23,3023.0,6.0,こだま歯科医院,〒020－0634,滝沢市室小路６６３番地１５,019-699-2710 / 新規 / 令7. 1. 4,金村　清孝,金村　清孝 / 現存,平31. 1. 4,歯　小歯,診療所,,,,,,,,,,,,,,

460.0,16 / 滝歯024,3024.0,4.0,牧野林デンタルクリニック,〒020－0632,滝沢市牧野林８２４番地１８,019-601-4182 / 新規 / 令4. 4. 25,岡田　伸男,岡田　伸男 / 現存,令4. 4. 25,歯,診療所,,,,,,,,,,,,,,

461.0,21 / 岩歯24,3024.0,4.0,沼田歯科クリニック,〒020－0554,岩手郡雫石町町裏８８番地,019-692-5322 / 新規 / 令6. 4. 1,沼田　與志晴,沼田　與志晴 / 現存,昭57. 4. 1,歯,診療所,,,,,,,,,,,,,,

462.0,21 / 岩歯48,3048.0,3.0,宮田歯科医院,〒028－4301,岩手郡岩手町大字沼宮内第７地割１８番地２,0195-62-2433 / 交代 / 令6. 4. 1,宮田　左京,宮田　京平 / 現存,平3. 4. 1,歯　小歯,診療所,,,,,,,,,,,,,,

463.0,21 / 岩歯49,3049.0,1.0,長沢歯科医院,〒028－4303,岩手郡岩手町大字江刈内第１１地割１３番地,0195-62-4348 / 新規 / 令4. 10. 7,長澤　伸郎,長澤　伸郎 / 現存,平4. 10. 7,歯,診療所,,,,,,,,,,,,,,

464.0,21 / 岩歯50,3050.0,9.0,コアラ歯科,〒028－5402,岩手郡葛巻町葛巻第１５地割鏡沢３４番地１,0195-66-4200 / 新規 / 令5. 9. 1,楢山　義浩,楢山　義浩 / 現存,平5. 4. 1,歯　小歯,診療所,,,,,,,,,,,,,,

465.0,21 / 岩歯53,3053.0,3.0,沼宮内歯科医院,〒028－4303,岩手郡岩手町大字江刈内第１０地割５３番地,0195-62-2488 / 組織変更 / 令5. 12. 1,医療法人紀耶会　理事長　豊田　康夫,豊田　有紀子 / 現存,平5. 12. 1,歯　矯歯　小歯,診療所,,,,,,,,,,,,,,

466.0,21 / 岩歯81,3081.0,4.0,土樋歯科医院,〒020－0541,岩手郡雫石町千刈田８０番地３,019-692-1705 / 移動 / 令4. 8. 1,土樋　博志,土樋　博志 / 現存,平16. 8. 1,歯　小歯,診療所,,,,,,,,,,,,,,

467.0,21 / 岩歯83,3083.0,0.0,マキ歯科クリニック,〒020－0542,岩手郡雫石町万田渡４５番地３,019-692-1102 / 新規 / 令6. 3. 1,上野　牧子,上野　牧子 / 現存,平18. 3. 1,歯　小歯,診療所,,,,,,,,,,,,,,

468.0,21 / 岩歯87,3087.0,1.0,雫石歯科医院,〒020－0539,岩手郡雫石町上町東１番地５,019-692-6288 / 移動 / 令3. 9. 1,川田　慶勲,川田　慶勲 / 現存,平21. 9. 1,歯,診療所,,,,,,,,,,,,,,

469.0,21 / 岩歯88,3088.0,9.0,遠藤歯科医院,〒028－5402,岩手郡葛巻町葛巻第１３地割５１番地,0195-66-2958 / 交代 / 令6. 1. 1,遠藤　憲行,遠藤　憲行 / 現存,平24. 1. 1,歯,診療所,,,,,,,,,,,,,,

470.0,21 / 岩歯92,3092.0,1.0,村木歯科クリニック,〒028－4307,岩手郡岩手町大字五日市第１１地割字上苗代沢１３１番２号,0195-61-1011 / 新規 / 令3. 10. 1,小豆嶋　光康,小豆嶋　光康 / 現存,平27. 10. 1,歯　小歯　歯外,診療所,,,,,,,,,,,,,,

471.0,22 / 紫歯17,3017.0,6.0,平井歯科医院,〒028－3309,紫波郡紫波町北日詰字白旗４９番地,019-676-4855 / 新規 / 令4. 6. 2,平井　和夫,平井　和夫 / 現存,昭55. 6. 2,歯,診療所,,,,,,,,,,,,,,

472.0,22 / 紫歯23,3023.0,4.0,ひづめ歯科医院,〒028－3306,紫波郡紫波町日詰西六丁目５番８号,019-676-2700 / 新規 / 令6. 4. 20,佐々木　哲正,佐々木　哲正 / 現存,昭57. 4. 20,歯　小歯　歯外,診療所,,,,,,,,,,,,,,

473.0,22 / 紫歯24,3024.0,2.0,佐藤歯科医院,〒028－3601,紫波郡矢巾町大字高田第１１地割１番地３,019-697-7250 / 新規 / 令6. 5. 17,佐藤　忠朋,佐藤　忠朋 / 現存,昭57. 5. 17,歯,診療所,,,,,,,,,,,,,,

474.0,22 / 紫歯25,3025.0,9.0,つのだ歯科・矯正歯科医院,〒028－3307,紫波郡紫波町桜町二丁目１の５番地,019-676-5111 / 新規 / 令6. 7. 9,角田　克保,角田　克保 / 現存,昭57. 7. 9,歯　矯歯　歯外　小歯,診療所,,,,,,,,,,,,,,

475.0,22 / 紫歯30,3030.0,9.0,煙山歯科医院,〒028－3622,紫波郡矢巾町大字上矢次第７地割１２６番地,019-697-7900 / 新規 / 令6. 10. 22,松木　和彦,松木　和彦 / 現存,昭60. 10. 22,歯　小歯,診療所,,,,,,,,,,,,,,

476.0,22 / 紫歯35,3035.0,8.0,中島歯科医院,〒028－3301,紫波郡紫波町中島字桜田１番地１３３,019-676-4618 / 新規 / 令5. 11. 18,中島　喜栄,中島　喜栄 / 現存,昭62. 11. 18,歯　小歯,診療所,,,,,,,,,,,,,,

477.0,22 / 紫歯36,3036.0,6.0,ふかざわ歯科医院,〒028－3309,紫波郡紫波町北日詰字大日堂１５番地６,019-672-3848 / 新規 / 令6. 8. 8,深澤　太賀男,深澤　太賀男 / 現存,昭63. 8. 8,歯,診療所,,,,,,,,,,,,,,

478.0,22 / 紫歯37,3037.0,4.0,六本木歯科医院,〒028－3305,紫波郡紫波町日詰字郡山駅２０５番地,019-672-4919 / 新規 / 令5. 9. 1,六本木　崇,六本木　崇 / 現存,平2. 6. 8,歯,診療所,,,,,,,,,,,,,,

479.0,22 / 紫歯41,3041.0,6.0,城北歯科医院,〒028－3303,紫波郡紫波町高水寺字古屋敷８９番４号,019-676-3399 / 新規 / 令6. 11. 7,平井　東英,平井　東英 / 現存,平3. 11. 7,歯,診療所,,,,,,,,,,,,,,

480.0,22 / 紫歯45,3045.0,7.0,まきふじ歯科医院,〒028－3308,紫波郡紫波町平沢字松田１番地１,019-672-5515 / 新規 / 令4. 5. 29,巻藤　佐智子,巻藤　佐智子 / 現存,平7. 5. 29,歯,診療所,,,,,,,,,,,,,,

481.0,22 / 紫歯47,3047.0,3.0,流通センター歯科診療所,〒020－0891,紫波郡矢巾町流通センター南一丁目２番１５号岩手流通会館２階,019-638-5165 / 組織変更 / 令5. 9. 1,医療法人慧和会　理事長　南幅　眞治,南幅　眞治 / 現存,平8. 4. 1,歯,診療所,,,,,,,,,,,,,,

482.0,22 / 紫歯48,3048.0,1.0,平野歯科クリニック,〒020－0891,紫波郡矢巾町流通センター南三丁目１番７号,019-637-3788 / 新規 / 令5. 9. 1,平野　康紀,平野　康紀 / 現存,平8. 5. 14,歯,診療所,,,,,,,,,,,,,,

483.0,22 / 紫歯51,3051.0,5.0,染井デンタルクリニック,〒028－3615,紫波郡矢巾町大字南矢幅第８地割２５０番地,019-698-1111 / 新規 / 令4. 5. 1,染井　宏祐,染井　宏祐 / 現存,平10. 5. 1,歯　小歯　矯歯　歯外,診療所,,,,,,,,,,,,,,

484.0,22 / 紫歯55,3055.0,6.0,鈴木歯科医院,〒028－3614,紫波郡矢巾町大字又兵エ新田第８地割１４３,019-698-2525 / 新規 / 令3. 10. 16,鈴木　卓哉,鈴木　卓哉 / 現存,平15. 10. 16,歯　小歯,診療所,,,,,,,,,,,,,,

485.0,22 / 紫歯60,3060.0,6.0,神の前歯科医院,〒028－3615,紫波郡矢巾町大字南矢幅第１３地割２９番地１,019-697-6995 / 組織変更 / 令3. 8. 1,医療法人潤心会　理事長　鈴木　千枝子,鈴木　千枝子 / 現存,平21. 8. 1,歯　矯歯　小歯,診療所,,,,,,,,,,,,,,

486.0,22 / 紫歯61,3061.0,4.0,むらた歯科,〒028－3614,紫波郡矢巾町大字又兵エ新田第８地割１６９番地ＴＴＭ不来方　西号室,019-611-0602 / 新規 / 令3. 10. 10,村田　正紀,村田　正紀 / 現存,平21. 10. 10,歯　小歯,診療所,,,,,,,,,,,,,,

487.0,22 / 紫歯62,3062.0,2.0,ささき歯科クリニック,〒028－3305,紫波郡紫波町日詰字下丸森９番地１,019-671-1160 / 組織変更 / 令5. 4. 1,医療法人ささき歯科クリニック　理事長　佐々木　成弘,佐々木　成弘 / 現存,平23. 4. 1,歯　矯歯　歯外,診療所,,,,,,,,,,,,,,

488.0,22 / 紫歯64,3064.0,8.0,神の前キッズデンタルパーク,〒028－3615,紫波郡矢巾町大字南矢幅第１３地割３０番地６,019-601-5058 / 新規 / 令7. 6. 4,医療法人　潤心会　理事長　鈴木　千枝子,一方井　友望 / 現存,平25. 6. 4,小歯　歯　矯歯,診療所,,,,,,,,,,,,,,

489.0,22 / 紫歯67,3067.0,1.0,むらやま歯科医院,〒028－3609,紫波郡矢巾町医大通二丁目４番７４号,019-601-9242 / 新規 / 令5. 4. 1,村山　龍平,村山　龍平 / 現存,平29. 4. 1,歯　小歯,診療所,,,,,,,,,,,,,,

490.0,22 / 紫歯69,3069.0,7.0,まさひとデンタルクリニック,〒028－3303,紫波郡紫波町高水寺字田中５２番３号,019-613-6028 / 新規 / 令6. 5. 8,医療法人仁慈　理事長　近藤　駿,近藤　正人 / 現存,平30. 5. 8,歯　歯外　小歯　矯歯,診療所,,,,,,,,,,,,,,

491.0,22 / 紫歯70,3070.0,5.0,医療法人社団エストエストデンタルケア,〒028－3615,紫波郡矢巾町大字南矢幅第８地割１００番１０,019-681-2299 / 組織変更 / 令7. 1. 1,医療法人社団エストエストデンタルケア　理事長　大森　巧,大森　巧 / 現存,平31. 1. 1,歯　小歯　矯歯　歯外,診療所,,,,,,,,,,,,,,

492.0,22 / 紫歯072,3072.0,1.0,紫波中央歯科,〒028－3318,紫波郡紫波町紫波中央駅前二丁目３番地３,019-601-7335 / 組織変更 / 令2. 4. 1,医療法人社団日向会　理事長　今村　博高,今村　博高 / 現存,令2. 4. 1,歯　小歯,診療所,,,,,,,,,,,,,,

493.0,22 / 紫歯073,3073.0,9.0,高橋歯科医院,〒028－3614,紫波郡矢巾町又兵エ新田４地割９番地１,019-697-8424 / 新規 / 令2. 12. 1,髙橋　英一,髙橋　英一 / 休止,令2. 12. 1,歯,診療所,,,,,,,,,,,,,,

494.0,22 / 紫歯074,3074.0,7.0,矢巾歯科診療所,〒028－3614,紫波郡矢巾町大字又兵エ新田第７地割１８９番地,019-697-7220 / 交代 / 令6. 4. 22,谷村　佳彦,谷村　佳彦 / 現存,令6. 4. 22,歯　小歯,診療所,,,,,,,,,,,,,,

495.0,24 / 和歯17,3017.0,2.0,湯田歯科医院,〒029－5512,和賀郡西和賀町川尻４０地割４０番地６４,0197-82-3711 / 新規 / 令4. 11. 15,志和　宏敏,志和　宏敏 / 現存,昭58. 11. 15,歯,診療所,,,,,,,,,,,,,,

496.0,24 / 和歯27,3027.0,1.0,高義歯科クリニック,〒029－5505,和賀郡西和賀町湯本３０地割８４番地４,0197-84-2333 / 新規 / 令5. 12. 3,高橋　義和,高橋　義和 / 現存,平2. 12. 3,歯,診療所,,,,,,,,,,,,,,

497.0,25 / 胆歯11,3011.0,2.0,千葉歯科クリニック,〒029－4503,胆沢郡金ケ崎町西根上餅田５４番地２,0197-42-2426 / 新規 / 令6. 7. 15,千葉　典臣,千葉　典臣 / 現存,昭60. 7. 15,歯,診療所,,,,,,,,,,,,,,

498.0,25 / 胆歯19,3019.0,5.0,あべ歯科クリニック,〒029－4503,胆沢郡金ケ崎町西根荒巻２５番１,0197-44-3918 / 新規 / 令6. 9. 5,阿部　修作,阿部　修作 / 現存,平9. 9. 5,歯,診療所,,,,,,,,,,,,,,

499.0,25 / 胆歯21,3021.0,1.0,有住歯科医院,〒029－4503,胆沢郡金ケ崎町西根町裏６０番地２,0197-42-3006 / 新規 / 令6. 10. 16,有住　達也,有住　達也 / 現存,平9. 10. 16,歯　小歯,診療所,,,,,,,,,,,,,,

500.0,25 / 胆歯29,3029.0,4.0,いわぶち歯科,〒029－4503,胆沢郡金ケ崎町西根上平沢５７番６９,0197-41-9333 / 新規 / 令2. 10. 3,岩渕　直泰,岩渕　直泰 / 現存,平20. 10. 3,歯,診療所,,,,,,,,,,,,,,

501.0,25 / 胆歯30,3030.0,2.0,金ケ崎町国民健康保険金ケ崎歯科診療所,〒029－4503,胆沢郡金ケ崎町西根鑓水９８番地,0197-44-2842 / 移動 / 令5. 10. 10,金ケ崎町長　髙橋　寛寿,高橋　通訓 / 現存,平29. 10. 10,歯　小歯,診療所,,,,,,,,,,,,,,

502.0,26 / 西歯13,3013.0,6.0,ささき歯科,〒029－4102,西磐井郡平泉町平泉字志羅山１３６番地４,0191-34-1876 / 新規 / 令2. 10. 1,佐々木　一樹,佐々木　一樹 / 現存,平14. 10. 1,歯　小歯,診療所,,,,,,,,,,,,,,

503.0,26 / 西歯14,3014.0,4.0,平泉歯科診療所,〒029－4102,西磐井郡平泉町平泉字志羅山１１番地４号,0191-46-2130 / 新規 / 令4. 4. 1,金沢　純一,金沢　純一 / 現存,平22. 4. 1,歯,診療所,,,,,,,,,,,,,,

504.0,28 / 気歯10,3010.0,8.0,菅野歯科医院,〒029－2311,気仙郡住田町世田米字世田米駅１１７番地,0192-46-2345 / 移動 / 令5. 11. 2,菅野　悦哉,菅野　悦哉 / 現存,昭62. 11. 2,歯,診療所,,,,,,,,,,,,,,

505.0,28 / 気歯11,3011.0,6.0,横沢歯科医院,〒029－2311,気仙郡住田町世田米字大崎２５番地１,0192-46-3050 / 新規 / 令6. 7. 8,横沢　茂樹,横沢　茂樹 / 現存,昭63. 7. 8,歯,診療所,,,,,,,,,,,,,,

506.0,29 / 上歯17,3017.0,1.0,近藤歯科医院,〒028－1121,上閉伊郡大槌町小鎚第２２地割４２番地１,0193-42-7667 / 移動 / 令7. 4. 12,近藤　泉,近藤　泉 / 現存,平25. 4. 12,歯,診療所,,,,,,,,,,,,,,

507.0,29 / 上歯18,3018.0,9.0,小松歯科医院,〒028－1131,上閉伊郡大槌町大槌第１５地割９５番地１５,0193-42-7702 / 移動 / 令7. 4. 12,医療法人小松歯科医院　理事長　小松　元,小松　元 / 現存,平25. 4. 12,歯,診療所,,,,,,,,,,,,,,

508.0,29 / 上歯21,3021.0,3.0,おおつちじょうない歯科医院,〒028－1132,上閉伊郡大槌町大ケ口二丁目１００番１０号,0193-42-8418 / 組織変更 / 令6. 4. 1,医療法人　山門会　理事長　山﨑　泰嗣,山﨑　泰嗣 / 現存,平30. 4. 1,歯,診療所,,,,,,,,,,,,,,

509.0,30 / 下歯29,3029.0,4.0,普代村国民健康保険歯科診療所,〒028－8333,下閉伊郡普代村第１０地割字羅賀７番地８,0194-35-2580 / 新規 / 令6. 5. 1,普代村長　柾屋　伸夫,藤原　秀世 / 現存,平3. 5. 1,歯,診療所,,,,,,,,,,,,,,

510.0,30 / 下歯34,3034.0,4.0,こがわ歯科診療所,〒028－5641,下閉伊郡岩泉町門字町向３２番地１,0194-25-5330 / 新規 / 令6. 10. 1,野舘　孝之,野舘　孝之 / 現存,平12. 10. 1,歯,診療所,,,,,,,,,,,,,,

511.0,30 / 下歯36,3036.0,9.0,岩泉町国民健康保険岩泉歯科診療所,〒027－0595,下閉伊郡岩泉町岩泉字惣畑５９番地５,0194-22-4311 / 移動 / 令2. 4. 1,岩泉町　岩泉町長　中居　健一,岩田　信浩 / 現存,平14. 4. 1,歯,診療所,,,,,,,,,,,,,,

512.0,30 / 下歯39,3039.0,3.0,国民健康保険田野畑村歯科診療所,〒028－8407,下閉伊郡田野畑村田野畑１２０番地３,0194-33-3100 / 新規 / 令4. 5. 1,田野畑村長　佐々木　靖,近藤　貴樹 / 現存,平16. 5. 1,歯,診療所,,,,,,,,,,,,,,

513.0,30 / 下歯44,3044.0,3.0,木澤歯科医院,〒028－1351,下閉伊郡山田町長崎四丁目１４番６号,0193-81-1188 / 移動 / 令5. 9. 1,木澤　貴洋,木澤　貴洋 / 現存,平23. 9. 1,歯　小歯　矯歯,診療所,,,,,,,,,,,,,,

514.0,30 / 下歯45,3045.0,0.0,前原歯科クリニック,〒028－8407,下閉伊郡田野畑村字和野１５番地２９,0194-33-2011 / 移動 / 令5. 10. 1,前原　京二,前原　京二 / 現存,平23. 10. 1,歯,診療所,,,,,,,,,,,,,,

515.0,30 / 下歯46,3046.0,8.0,留理歯科医院,〒028－1302,下閉伊郡山田町豊間根第２地割１０５番地１,0193-86-3718 / 移動 / 令6. 10. 1,田村　潔,田村　潔 / 現存,平24. 10. 1,歯　歯外,診療所,,,,,,,,,,,,,,

516.0,30 / 下歯47,3047.0,6.0,大川歯科クリニック,〒027－0501,下閉伊郡岩泉町岩泉字中家９番地７,0194-22-3636 / 交代 / 令6. 4. 1,大川　義人,大川　義人 / 現存,平30. 4. 1,歯,診療所,,,,,,,,,,,,,,

517.0,30 / 下歯048,3048.0,4.0,内舘歯科医院,〒028－1352,下閉伊郡山田町飯岡第２地割１番６０,0193-82-4618 / 移動 / 令2. 3. 1,内舘　伯夫,内舘　伯夫 / 現存,令2. 3. 1,歯　小歯　矯歯,診療所,,,,,,,,,,,,,,

518.0,31 / 九歯17,3017.0,7.0,洋野町国民健康保険大野歯科診療所,〒028－8802,九戸郡洋野町大野第８地割８３番地４,0194-77-3834 / 移動 / 令6. 7. 1,洋野町長　岡本　正善,川村　貴史 / 現存,昭60. 7. 1,歯,診療所,,,,,,,,,,,,,,

519.0,31 / 九歯20,3020.0,1.0,青木歯科医院,〒028－7914,九戸郡洋野町種市第２３地割２９番地９,0194-65-5353 / 新規 / 令6. 6. 26,青木　一,青木　一 / 現存,平3. 6. 26,歯,診療所,,,,,,,,,,,,,,

520.0,31 / 九歯21,3021.0,9.0,中野歯科,〒028－7901,九戸郡洋野町中野第１２地割１９番地,0194-67-5030 / 新規 / 令6. 9. 6,田口　淳,田口　淳 / 現存,平6. 9. 6,歯,診療所,,,,,,,,,,,,,,

521.0,31 / 九歯22,3022.0,7.0,村田歯科医院,〒028－8201,九戸郡野田村大字野田第２８地割５１番地２,0194-78-3220 / 交代 / 令5. 9. 12,村田　昌明,村田　昌明 / 現存,平8. 9. 12,歯　矯歯　小歯,診療所,,,,,,,,,,,,,,

522.0,31 / 九歯23,3023.0,5.0,ムカイダ歯科クリニック,〒028－6302,九戸郡軽米町大字軽米第８地割字大軽米３番地１,0195-46-4636 / 新規 / 令4. 11. 11,向井田　崇史,向井田　崇史 / 現存,平10. 11. 11,歯,診療所,,,,,,,,,,,,,,

523.0,31 / 九歯25,3025.0,0.0,梨木歯科医院,〒028－7914,九戸郡洋野町種市第２３地割６０番２,0194-65-6480 / 新規 / 令4. 4. 5,梨木　和徳,梨木　和徳 / 現存,平16. 4. 5,歯　小歯,診療所,,,,,,,,,,,,,,

524.0,31 / 九歯26,3026.0,8.0,せきね歯科医院,〒028－7914,九戸郡洋野町種市第２３地割９４番地１６,0194-65-4181 / 新規 / 令7. 2. 14,関根　元,関根　元 / 現存,平19. 2. 14,歯　矯歯　小歯　歯外,診療所,,,,,,,,,,,,,,

525.0,31 / 九歯27,3027.0,6.0,宮沢歯科医院,〒028－6302,九戸郡軽米町大字軽米第８地割１０５番地,0195-46-2953 / 交代 / 令2. 6. 17,宮澤　裕一郎,宮澤　裕一郎 / 現存,平20. 6. 17,歯　歯外,診療所,,,,,,,,,,,,,,

526.0,31 / 九歯28,3028.0,4.0,堀米歯科医院,〒028－6302,九戸郡軽米町大字軽米第７地割３４番地２,0195-46-2927 / 交代 / 令5. 7. 20,遠藤　美保子,遠藤　美保子 / 現存,平29. 7. 20,歯,診療所,,,,,,,,,,,,,,

527.0,32 / 二戸歯13,3013.0,4.0,小野寺歯科医院,〒028－5311,二戸郡一戸町高善寺字野田５６番地１３,0195-33-3050 / 新規 / 令4. 11. 17,小野寺　満,小野寺　満 / 現存,昭61. 11. 17,歯　歯外　矯歯　小歯,診療所,,,,,,,,,,,,,,

528.0,32 / 二戸歯16,3016.0,7.0,岩渕歯科医院,〒028－5312,二戸郡一戸町一戸字向町５８番地４,0195-32-2238 / 新規 / 令5. 9. 1,岩渕　壯之助,岩渕　壯之助 / 現存,平5. 4. 6,歯,診療所,,,,,,,,,,,,,,

529.0,32 / 二戸歯22,3022.0,5.0,ぽっぽ歯科クリニック,〒028－5312,二戸郡一戸町一戸字砂森１２３番地１,0195-31-1182 / 移動 / 令5. 9. 1,東山　敬貴,東山　敬貴 / 現存,平17. 4. 1,歯　矯歯　小歯　歯外,診療所,,,,,,,,,,,,,,

530.0,32 / 二戸歯23,3023.0,3.0,こしみず歯科クリニック,〒028－5312,二戸郡一戸町一戸字蒔前５２番地,0195-33-4618 / 新規 / 令5. 12. 20,越水　正樹,越水　正樹 / 現存,平17. 12. 20,歯　小歯,診療所,,,,,,,,,,,,,,

531.0,32 / 二戸歯28,3028.0,2.0,奥中山高原歯科クリニック,〒028－5134,二戸郡一戸町奥中山字西田子１３１１番地,0195-35-2951 / 新規 / 令4. 5. 1,城　茂治,城　茂治 / 現存,平28. 5. 1,歯　歯外　小歯　矯歯,診療所,,,,,,,,,,,,,,
